Date,Open,High,Low,Close,Volume_base,Volume_quote
2022-05-24 18:15:00,2760.49,2780.0,2758.63,2771.13,12.3054,34104.134565
2022-05-24 18:30:00,2768.63,2770.72,2759.32,2767.64,5.8977,16299.10068
2022-05-24 18:45:00,2764.02,2773.33,2750.0,2752.38,6.1664,17023.241913
2022-05-24 19:00:00,2752.73,2752.73,2736.78,2741.71,10.2021,27970.991419
2022-05-24 19:15:00,2741.95,2752.35,2740.16,2744.27,13.2652,36444.30782
2022-05-24 19:30:00,2746.61,2764.29,2740.11,2756.6,4.2928,11821.300718
2022-05-24 19:45:00,2759.47,2769.96,2758.32,2764.01,7.8259,21651.950709
2022-05-24 20:00:00,2762.51,2768.42,2755.6,2757.95,8.4111,23251.86709
2022-05-24 20:15:00,2757.9,2761.52,2754.08,2757.51,3.3922,9352.798387
2022-05-24 20:30:00,2758.58,2760.19,2746.11,2753.33,9.127,25144.14781
2022-05-24 20:45:00,2756.04,2760.0,2752.36,2758.28,4.2095,11610.02307
2022-05-24 21:00:00,2760.95,2774.36,2760.95,2769.72,5.0102,13856.455272
2022-05-24 21:15:00,2774.02,2782.0,2770.33,2782.0,10.6319,29511.719754
2022-05-24 21:30:00,2779.14,2779.14,2773.19,2778.65,2.6362,7316.414893
2022-05-24 21:45:00,2775.84,2775.84,2769.92,2775.02,2.2777,6314.617847
2022-05-24 22:00:00,2780.0,2794.93,2774.96,2789.25,3.1501,8762.838623
2022-05-24 22:15:00,2793.33,2795.44,2787.72,2794.78,9.9447,27774.83548
2022-05-24 22:30:00,2794.29,2795.16,2784.03,2785.54,6.2923,17548.694897
2022-05-24 22:45:00,2784.27,2785.27,2781.46,2781.46,40.2147,111958.026509
2022-05-24 23:00:00,2784.14,2788.8,2783.8,2785.73,4.726,13160.292944
2022-05-24 23:15:00,2789.26,2796.83,2784.69,2792.98,6.5467,18264.662798
2022-05-24 23:30:00,2797.28,2799.09,2785.06,2787.36,6.9547,19414.461342
2022-05-24 23:45:00,2787.22,2789.03,2780.88,2782.88,11.2409,31283.280279
2022-05-25 00:00:00,2782.2,2790.37,2782.2,2787.66,7.9072,22043.268453
2022-05-25 00:15:00,2787.66,2794.47,2779.82,2779.82,19.4679,54281.70089
2022-05-25 00:30:00,2779.99,2785.6,2779.0,2782.2,4.6605,12972.68713
2022-05-25 00:45:00,2785.89,2786.64,2782.55,2785.43,6.3329,17632.454042
2022-05-25 01:00:00,2785.99,2785.99,2779.92,2781.72,4.1409,11520.110164
2022-05-25 01:15:00,2779.75,2786.0,2775.98,2786.0,6.6624,18540.423726
2022-05-25 01:30:00,2786.66,2786.66,2778.23,2780.65,8.7484,24325.147499
2022-05-25 01:45:00,2778.77,2786.65,2778.77,2785.94,2.8014,7799.652073
2022-05-25 02:00:00,2783.34,2800.0,2783.34,2799.17,19.5609,54607.777652
2022-05-25 02:15:00,2799.94,2804.99,2785.49,2791.46,86.7922,242749.452275
2022-05-25 02:30:00,2791.09,2817.6,2790.25,2811.17,18.2019,51036.252861
2022-05-25 02:45:00,2815.75,2839.7,2814.06,2835.41,28.5922,80851.543571
2022-05-25 03:00:00,2835.75,2842.81,2831.25,2836.42,47.5739,134969.856784
2022-05-25 03:15:00,2837.9,2841.89,2837.9,2838.93,10.2132,28997.858794
2022-05-25 03:30:00,2836.21,2836.21,2829.51,2830.79,14.8574,42103.016542
2022-05-25 03:45:00,2829.0,2837.17,2823.0,2835.9,54.6472,154474.82135
2022-05-25 04:00:00,2833.13,2833.13,2825.56,2827.86,6.398,18095.855381
2022-05-25 04:15:00,2828.45,2828.45,2817.0,2821.96,15.5773,43913.089272
2022-05-25 04:30:00,2821.96,2825.08,2818.09,2818.09,6.1565,17368.774904
2022-05-25 04:45:00,2819.58,2821.11,2815.61,2818.24,10.4237,29388.516971
2022-05-25 05:00:00,2818.31,2818.31,2812.72,2816.28,8.856,24929.591214
2022-05-25 05:15:00,2816.17,2820.08,2812.75,2820.08,19.1955,54044.042313
2022-05-25 05:30:00,2819.51,2823.68,2816.93,2818.1,11.6207,32773.981657
2022-05-25 05:45:00,2816.17,2816.19,2798.1,2803.05,11.0117,30850.88272
2022-05-25 06:00:00,2802.75,2805.06,2791.0,2793.02,6.9197,19374.955375
2022-05-25 06:15:00,2793.46,2795.84,2741.57,2783.62,152.1034,423250.584183
2022-05-25 06:30:00,2783.82,2784.47,2776.02,2781.48,23.3818,65007.751486
2022-05-25 06:45:00,2778.98,2791.81,2778.74,2789.0,39.1032,109047.48485
2022-05-25 07:00:00,2788.25,2791.19,2782.78,2784.7,18.0208,50217.46249
2022-05-25 07:15:00,2785.77,2791.89,2778.88,2790.52,13.1398,36617.666515
2022-05-25 07:30:00,2789.48,2789.75,2782.25,2785.6,2.8356,7899.412202
2022-05-25 07:45:00,2781.99,2782.96,2777.21,2780.94,2.9195,8117.040697
2022-05-25 08:00:00,2782.01,2787.93,2779.65,2783.68,17.2153,47946.67831
2022-05-25 08:15:00,2784.52,2785.48,2760.32,2785.48,40.9464,113587.213714
2022-05-25 08:30:00,2783.82,2785.38,2779.64,2782.95,15.1485,42165.462032
2022-05-25 08:45:00,2783.64,2783.64,2771.0,2779.24,19.4275,53949.216846
2022-05-25 09:00:00,2778.0,2791.62,2776.45,2786.67,65.3006,181679.823866
2022-05-25 09:15:00,2786.92,2792.77,2778.14,2778.14,13.9932,39007.199761
2022-05-25 09:30:00,2777.49,2782.73,2773.75,2776.35,33.0938,91911.748375
2022-05-25 09:45:00,2776.11,2786.83,2775.42,2783.66,24.6231,68516.613069
2022-05-25 10:00:00,2786.85,2792.49,2785.61,2787.97,31.604,88130.300721
2022-05-25 10:15:00,2788.24,2793.05,2782.24,2783.29,18.7818,52379.13654
2022-05-25 10:30:00,2783.99,2784.18,2778.31,2784.18,13.8349,38475.637559
2022-05-25 10:45:00,2784.27,2784.59,2776.56,2782.65,15.0718,41899.73372
2022-05-25 11:00:00,2782.04,2782.27,2776.15,2777.53,9.8727,27438.273058
2022-05-25 11:15:00,2777.39,2782.04,2761.92,2762.27,45.2195,125359.739362
2022-05-25 11:30:00,2764.75,2772.99,2756.22,2760.96,19.0296,52584.820871
2022-05-25 11:45:00,2760.45,2763.29,2752.42,2762.18,33.8779,93431.908124
2022-05-25 12:00:00,2761.29,2762.35,2754.51,2756.95,24.4363,67395.505013
2022-05-25 12:15:00,2754.43,2763.74,2740.02,2763.74,117.2693,323021.809795
2022-05-25 12:30:00,2763.61,2766.29,2757.31,2757.31,38.2896,105815.352851
2022-05-25 12:45:00,2756.64,2770.0,2753.2,2766.36,24.665,68137.854382
2022-05-25 13:00:00,2765.37,2778.26,2764.72,2777.23,36.49,101225.634926
2022-05-25 13:15:00,2776.51,2781.37,2775.07,2776.32,9.7675,27134.572755
2022-05-25 13:30:00,2777.11,2780.3,2764.01,2764.83,25.9585,71960.633697
2022-05-25 13:45:00,2767.04,2807.0,2765.76,2798.79,66.9304,186573.711345
2022-05-25 14:00:00,2800.0,2806.78,2779.47,2793.95,35.4801,99027.934184
2022-05-25 14:15:00,2791.96,2802.5,2785.63,2801.22,101.3169,282934.464385
2022-05-25 14:30:00,2802.94,2804.96,2795.19,2796.02,24.6098,68880.473884
2022-05-25 14:45:00,2793.33,2793.33,2776.2,2778.1,10.5839,29475.493531
2022-05-25 15:00:00,2779.06,2782.11,2770.22,2780.32,20.667,57362.103788
2022-05-25 15:15:00,2780.94,2788.19,2771.34,2787.15,17.245,47875.416749
2022-05-25 15:30:00,2787.98,2788.59,2778.71,2783.73,5.4552,15184.488261
2022-05-25 15:45:00,2778.0,2782.27,2765.0,2776.78,17.7066,49079.713551
2022-05-25 16:00:00,2775.19,2781.79,2771.93,2781.78,8.3543,23199.128288
2022-05-25 16:15:00,2774.78,2780.12,2762.9,2778.01,10.2961,28531.656331
2022-05-25 16:30:00,2780.0,2780.66,2752.99,2760.0,24.4318,67575.229279
2022-05-25 16:45:00,2761.15,2761.93,2753.06,2761.93,5.1467,14187.954661
2022-05-25 17:00:00,2763.61,2768.11,2760.0,2768.11,4.9916,13792.921264
2022-05-25 17:15:00,2766.08,2771.28,2764.47,2769.0,7.517,20805.246928
2022-05-25 17:30:00,2770.19,2773.7,2770.01,2773.69,8.202,22734.013273
2022-05-25 17:45:00,2773.88,2779.87,2772.54,2779.87,9.169,25451.809907
2022-05-25 18:00:00,2780.0,2781.0,2773.33,2777.06,9.4613,26284.689681
2022-05-25 18:15:00,2773.33,2794.14,2749.95,2784.47,144.3533,401646.123465
2022-05-25 18:30:00,2784.29,2790.6,2777.24,2788.95,35.3877,98570.831756
2022-05-25 18:45:00,2788.86,2796.5,2779.05,2779.26,33.0645,92303.25227
2022-05-25 19:00:00,2779.84,2785.69,2776.32,2784.17,37.3668,103958.361304
2022-05-25 19:15:00,2783.89,2788.53,2778.28,2778.28,16.9528,47218.098094
2022-05-25 19:30:00,2778.86,2778.86,2766.7,2767.74,6.1843,17128.817455
2022-05-25 19:45:00,2768.16,2770.39,2764.0,2769.75,2.8114,7779.983208
2022-05-25 20:00:00,2768.14,2770.96,2747.96,2750.21,25.4152,70069.935313
2022-05-25 20:15:00,2750.48,2755.09,2747.18,2755.09,0.3824,1052.739788
2022-05-25 20:30:00,2753.71,2758.68,2751.59,2751.85,9.6599,26616.786219
2022-05-25 20:45:00,2754.11,2758.38,2754.1,2756.67,2.2935,6319.481918
2022-05-25 21:00:00,2756.86,2766.66,2756.86,2763.19,7.5744,20922.339317
2022-05-25 21:15:00,2763.41,2764.56,2753.33,2754.73,4.0298,11130.585361
2022-05-25 21:30:00,2753.57,2766.66,2751.83,2766.6,3.9774,10961.403301
2022-05-25 21:45:00,2768.19,2773.33,2760.01,2764.99,2.2457,6208.38062
2022-05-25 22:00:00,2766.53,2774.0,2766.53,2774.0,1.3389,3709.066258
2022-05-25 22:15:00,2774.42,2777.18,2766.66,2766.66,4.9298,13655.554908
2022-05-25 22:30:00,2766.0,2768.91,2764.98,2766.19,1.2826,3548.54229
2022-05-25 22:45:00,2763.18,2770.5,2761.9,2768.47,1.8069,4997.74957
2022-05-25 23:00:00,2764.46,2764.86,2762.79,2764.48,1.2853,3551.809188
2022-05-25 23:15:00,2767.09,2767.09,2755.3,2755.3,3.5818,9879.780707
2022-05-25 23:30:00,2756.81,2756.81,2740.25,2748.61,17.3301,47664.930537
2022-05-25 23:45:00,2748.09,2748.09,2733.33,2733.33,14.1382,38704.96736
2022-05-26 00:00:00,2736.44,2738.18,2733.2,2736.95,7.0994,19416.710978
2022-05-26 00:15:00,2735.05,2753.33,2735.05,2751.13,19.3099,52987.388313
2022-05-26 00:30:00,2749.09,2760.06,2745.75,2760.06,10.0591,27699.697501
2022-05-26 00:45:00,2760.63,2765.72,2757.95,2760.5,15.8991,43930.13012
2022-05-26 01:00:00,2761.15,2761.76,2752.0,2755.12,7.6194,20997.597335
2022-05-26 01:15:00,2755.31,2755.55,2747.45,2747.45,3.6906,10160.93016
2022-05-26 01:30:00,2748.07,2754.75,2745.34,2752.75,10.0952,27766.191208
2022-05-26 01:45:00,2753.89,2754.55,2743.11,2743.11,11.5526,31752.071619
2022-05-26 02:00:00,2743.58,2744.13,2740.13,2740.13,12.0424,33028.259251
2022-05-26 02:15:00,2743.14,2752.92,2743.14,2747.72,8.9757,24679.0027
2022-05-26 02:30:00,2750.78,2755.67,2747.27,2748.22,23.8461,65605.294855
2022-05-26 02:45:00,2749.93,2753.33,2746.41,2748.87,17.534,48212.812154
2022-05-26 03:00:00,2749.88,2756.83,2749.54,2750.25,17.321,47691.467686
2022-05-26 03:15:00,2751.17,2751.8,2735.48,2736.86,14.6682,40210.966789
2022-05-26 03:30:00,2735.55,2739.52,2729.0,2734.18,22.8982,62558.959135
2022-05-26 03:45:00,2733.56,2743.15,2733.0,2739.47,17.7988,48759.721709
2022-05-26 04:00:00,2740.36,2747.85,2738.8,2747.33,14.5106,39822.839764
2022-05-26 04:15:00,2745.93,2748.17,2742.12,2746.19,13.0291,35775.586083
2022-05-26 04:30:00,2745.9,2746.92,2740.0,2740.0,5.9944,16451.084618
2022-05-26 04:45:00,2739.05,2744.88,2738.54,2741.04,9.1378,25058.689395
2022-05-26 05:00:00,2740.33,2741.17,2734.75,2737.92,21.0211,57558.54031
2022-05-26 05:15:00,2738.77,2748.18,2735.26,2743.59,23.8503,65417.413537
2022-05-26 05:30:00,2744.06,2744.06,2728.0,2733.02,13.2326,36214.484836
2022-05-26 05:45:00,2734.39,2734.94,2722.81,2726.81,16.0451,43735.349351
2022-05-26 06:00:00,2727.53,2730.49,2718.42,2722.79,85.4771,232757.853015
2022-05-26 06:15:00,2721.96,2727.91,2708.88,2712.67,106.8925,290507.919367
2022-05-26 06:30:00,2707.99,2717.91,2700.0,2710.88,84.6108,229056.419139
2022-05-26 06:45:00,2709.84,2717.54,2705.01,2716.01,5.6397,15300.628384
2022-05-26 07:00:00,2714.72,2715.58,2706.75,2714.57,47.406,128611.486054
2022-05-26 07:15:00,2714.05,2715.18,2698.07,2698.07,60.7869,164645.8025
2022-05-26 07:30:00,2698.18,2707.01,2693.31,2706.95,39.2292,105863.666596
2022-05-26 07:45:00,2707.88,2716.6,2707.11,2711.78,11.6319,31543.405884
2022-05-26 08:00:00,2711.98,2714.76,2708.06,2711.65,17.0359,46203.233048
2022-05-26 08:15:00,2712.23,2713.69,2697.49,2697.49,21.5866,58413.030783
2022-05-26 08:30:00,2697.39,2698.71,2605.0,2615.0,184.2793,485286.933633
2022-05-26 08:45:00,2612.84,2619.35,2571.84,2588.71,129.2037,334725.198875
2022-05-26 09:00:00,2587.93,2593.49,2565.77,2588.63,81.0911,209062.21656
2022-05-26 09:15:00,2588.25,2588.25,2572.97,2585.0,74.9395,193394.963374
2022-05-26 09:30:00,2584.2,2594.14,2582.1,2590.76,50.0882,129632.197786
2022-05-26 09:45:00,2590.45,2608.96,2586.79,2608.96,78.3043,203025.504821
2022-05-26 10:00:00,2605.75,2608.37,2580.01,2590.99,46.3901,120391.121784
2022-05-26 10:15:00,2591.16,2597.04,2586.02,2595.15,54.3271,140881.597152
2022-05-26 10:30:00,2594.7,2596.92,2589.32,2592.85,19.9194,51646.422668
2022-05-26 10:45:00,2592.26,2599.03,2588.8,2588.8,38.5583,99981.872975
2022-05-26 11:00:00,2588.65,2593.7,2583.6,2583.6,31.0423,80344.236704
2022-05-26 11:15:00,2584.07,2588.16,2543.29,2570.0,71.2176,182358.304653
2022-05-26 11:30:00,2565.76,2566.12,2536.13,2561.26,59.1584,151048.302837
2022-05-26 11:45:00,2565.0,2566.63,2548.43,2560.17,44.9798,115143.371878
2022-05-26 12:00:00,2559.36,2570.34,2555.84,2559.61,84.7677,217255.592794
2022-05-26 12:15:00,2558.64,2584.23,2554.02,2583.94,55.565,142418.560283
2022-05-26 12:30:00,2582.09,2582.68,2563.75,2568.0,26.4871,68152.676928
2022-05-26 12:45:00,2567.24,2568.27,2535.67,2549.47,74.0296,189120.433878
2022-05-26 13:00:00,2549.15,2562.8,2543.8,2560.56,43.3026,110616.215811
2022-05-26 13:15:00,2557.59,2561.31,2493.85,2511.55,121.1124,304598.34301
2022-05-26 13:30:00,2508.25,2845.0,2454.35,2496.36,329.5803,826365.633592
2022-05-26 13:45:00,2495.06,2530.75,2493.61,2528.63,109.1189,275179.188752
2022-05-26 14:00:00,2529.73,2567.79,2523.89,2554.12,200.7886,511809.786292
2022-05-26 14:15:00,2556.27,2604.7,2554.1,2595.86,170.6819,439365.039835
2022-05-26 14:30:00,2593.43,2619.0,2582.58,2601.31,67.4005,175126.083103
2022-05-26 14:45:00,2602.02,2622.63,2596.78,2613.5,50.5281,131787.005855
2022-05-26 15:00:00,2612.64,2623.94,2607.69,2620.36,30.3913,79521.790457
2022-05-26 15:15:00,2620.01,2649.43,2616.01,2631.0,48.9631,128895.936964
2022-05-26 15:30:00,2629.19,2635.5,2616.18,2616.97,31.6658,83135.221554
2022-05-26 15:45:00,2617.25,2634.0,2612.96,2629.61,22.4825,58978.763502
2022-05-26 16:00:00,2626.26,2636.99,2624.71,2631.4,3.8048,10006.894812
2022-05-26 16:15:00,2629.28,2665.54,2628.94,2660.89,20.7001,54894.772968
2022-05-26 16:30:00,2656.38,2689.97,2656.38,2668.88,32.9488,88120.22703
2022-05-26 16:45:00,2668.71,2674.1,2651.65,2651.99,34.6498,92273.514868
2022-05-26 17:00:00,2653.2,2662.61,2652.18,2656.03,8.8042,23382.613279
2022-05-26 17:15:00,2659.08,2663.14,2637.83,2642.97,28.65,76073.520162
2022-05-26 17:30:00,2642.6,2648.87,2636.4,2646.42,14.8683,39312.184587
2022-05-26 17:45:00,2643.48,2653.41,2641.55,2648.96,30.5623,80941.863654
2022-05-26 18:00:00,2645.05,2650.34,2638.68,2648.49,12.1391,32103.531547
2022-05-26 18:15:00,2646.42,2648.88,2630.93,2636.88,9.8033,25889.829431
2022-05-26 18:30:00,2637.31,2639.05,2625.64,2626.59,9.7117,25580.570784
2022-05-26 18:45:00,2627.12,2628.87,2619.09,2627.86,11.5253,30220.681881
2022-05-26 19:00:00,2628.23,2633.98,2625.81,2627.76,4.087,10744.027975
2022-05-26 19:15:00,2626.36,2626.36,2607.37,2610.5,23.2006,60638.562258
2022-05-26 19:30:00,2611.64,2611.64,2588.2,2594.2,12.6339,32825.598819
2022-05-26 19:45:00,2592.33,2593.37,2579.0,2582.09,8.4549,21837.01459
2022-05-26 20:00:00,2584.0,2592.09,2574.14,2575.13,14.1096,36509.950804
2022-05-26 20:15:00,2574.82,2581.38,2400.01,2551.71,156.9102,394517.42626
2022-05-26 20:30:00,2554.67,2579.45,2550.0,2579.45,102.3,261450.01187
2022-05-26 20:45:00,2580.08,2583.66,2566.13,2576.35,9.9523,25613.570458
2022-05-26 21:00:00,2575.0,2581.23,2568.65,2573.27,9.322,23981.422925
2022-05-26 21:15:00,2574.61,2599.62,2574.61,2592.5,53.0539,137453.118383
2022-05-26 21:30:00,2591.27,2592.47,2574.0,2574.0,3.5596,9216.234383
2022-05-26 21:45:00,2576.64,2588.26,2576.64,2578.78,3.5967,9294.440492
2022-05-26 22:00:00,2577.17,2580.3,2567.68,2580.3,13.8344,35619.904197
2022-05-26 22:15:00,2575.89,2594.72,2571.06,2594.72,6.7646,17462.071366
2022-05-26 22:30:00,2591.3,2597.21,2588.4,2588.79,14.2974,37082.507843
2022-05-26 22:45:00,2588.75,2592.16,2570.86,2571.99,14.624,37760.75338
2022-05-26 23:00:00,2571.32,2572.81,2560.66,2563.51,16.3303,41896.966385
2022-05-26 23:15:00,2563.89,2574.33,2550.0,2550.0,28.1736,72206.691152
2022-05-26 23:30:00,2550.49,2562.42,2545.0,2553.69,23.5548,60196.167331
2022-05-26 23:45:00,2552.86,2563.92,2552.84,2560.09,6.7352,17246.827722
2022-05-27 00:00:00,2555.87,2555.87,2518.0,2522.36,49.8393,126499.266482
2022-05-27 00:15:00,2523.82,2539.0,2513.72,2525.42,40.9314,103332.292804
2022-05-27 00:30:00,2525.72,2541.54,2520.98,2537.13,70.8228,179261.411176
2022-05-27 00:45:00,2538.2,2541.01,2509.1,2509.86,51.753,130912.403826
2022-05-27 01:00:00,2508.58,2512.28,2495.0,2499.35,51.6408,129261.047738
2022-05-27 01:15:00,2499.46,2505.97,2470.0,2471.66,69.9693,173963.371625
2022-05-27 01:30:00,2475.85,2482.66,2461.88,2464.57,98.1527,242537.293493
2022-05-27 01:45:00,2463.18,2477.97,2460.0,2471.88,89.8116,221534.930743
2022-05-27 02:00:00,2471.11,2478.45,2435.56,2442.88,172.2297,424237.498131
2022-05-27 02:15:00,2439.37,2449.54,2423.62,2438.26,60.1683,146747.56207
2022-05-27 02:30:00,2438.3,2478.9,2433.0,2466.5,72.4951,178272.485324
2022-05-27 02:45:00,2461.75,2468.56,2451.34,2456.54,93.032,228779.588489
2022-05-27 03:00:00,2457.61,2460.53,2438.0,2458.45,55.377,135592.920898
2022-05-27 03:15:00,2458.3,2474.0,2456.36,2468.49,56.4365,139285.174068
2022-05-27 03:30:00,2468.36,2478.16,2465.9,2477.83,101.6322,251141.575627
2022-05-27 03:45:00,2479.97,2490.53,2475.35,2476.53,58.5391,145328.729072
2022-05-27 04:00:00,2477.17,2487.08,2475.28,2477.83,41.5093,103004.510023
2022-05-27 04:15:00,2478.44,2480.54,2466.01,2473.75,82.9666,205071.320402
2022-05-27 04:30:00,2472.37,2487.56,2472.37,2473.9,37.0651,91914.708564
2022-05-27 04:45:00,2474.46,2476.49,2450.91,2454.11,54.3201,133618.198973
2022-05-27 05:00:00,2453.63,2456.31,2438.95,2442.95,105.3593,257833.095134
2022-05-27 05:15:00,2440.38,2462.99,2432.73,2456.63,44.0603,107869.689267
2022-05-27 05:30:00,2456.01,2459.12,2443.9,2451.99,23.0707,56538.888323
2022-05-27 05:45:00,2454.29,2454.29,2390.0,2413.67,80.8187,195294.16228
2022-05-27 06:00:00,2413.32,2434.68,2409.17,2433.01,65.6609,159461.660242
2022-05-27 06:15:00,2433.68,2456.78,2414.58,2445.61,90.4013,219954.859082
2022-05-27 06:30:00,2444.33,2450.97,2420.31,2445.15,86.2672,210228.306916
2022-05-27 06:45:00,2445.45,2479.26,2437.71,2472.29,30.9809,76360.618098
2022-05-27 07:00:00,2471.93,2490.32,2465.59,2481.44,89.5632,221685.401609
2022-05-27 07:15:00,2481.44,2490.26,2475.55,2481.87,84.3136,209322.130158
2022-05-27 07:30:00,2481.25,2519.92,2477.04,2510.29,119.8462,299324.423167
2022-05-27 07:45:00,2510.56,2510.56,2489.26,2492.88,44.7577,111831.3947
2022-05-27 08:00:00,2493.17,2493.17,2472.93,2473.88,46.8648,116379.606064
2022-05-27 08:15:00,2472.0,2501.62,2455.01,2495.3,95.5956,236133.863908
2022-05-27 08:30:00,2495.61,2504.59,2485.67,2491.79,77.3228,193000.116206
2022-05-27 08:45:00,2493.96,2496.51,2483.57,2487.12,65.4137,162826.984718
2022-05-27 09:00:00,2488.1,2492.39,2460.01,2473.38,34.9476,86665.153137
2022-05-27 09:15:00,2472.05,2479.32,2468.64,2474.89,21.0186,51999.948494
2022-05-27 09:30:00,2474.28,2484.32,2472.65,2479.82,28.0887,69590.802983
2022-05-27 09:45:00,2478.94,2493.51,2476.22,2487.46,33.5743,83470.663899
2022-05-27 10:00:00,2487.81,2500.53,2480.64,2497.78,67.7738,168698.439778
2022-05-27 10:15:00,2494.15,2500.0,2490.0,2496.0,40.6115,101347.166712
2022-05-27 10:30:00,2495.96,2504.12,2482.8,2484.75,63.7782,158818.435561
2022-05-27 10:45:00,2484.46,2485.13,2472.16,2474.9,61.4909,152329.266742
2022-05-27 11:00:00,2476.09,2477.67,2461.48,2463.28,39.1378,96685.82132
2022-05-27 11:15:00,2464.03,2481.86,2460.0,2481.77,50.2168,124162.855602
2022-05-27 11:30:00,2481.44,2502.0,2474.28,2502.0,39.7252,98938.610279
2022-05-27 11:45:00,2502.98,2504.22,2487.5,2487.5,51.5554,128639.448136
2022-05-27 12:00:00,2488.61,2488.61,2478.04,2479.89,45.3594,112653.21427
2022-05-27 12:15:00,2479.47,2484.84,2469.8,2484.84,60.3528,149641.946093
2022-05-27 12:30:00,2484.3,2510.24,2480.15,2505.4,70.8646,177185.816659
2022-05-27 12:45:00,2501.56,2548.0,2495.36,2546.34,55.0013,138940.142253
2022-05-27 13:00:00,2546.2,2551.16,2530.91,2539.1,44.6545,113411.677079
2022-05-27 13:15:00,2537.81,2539.72,2523.07,2528.51,91.3954,231195.550374
2022-05-27 13:30:00,2531.0,2536.91,2511.19,2513.44,47.4853,119651.177205
2022-05-27 13:45:00,2514.93,2534.84,2511.52,2517.07,37.0189,93428.689107
2022-05-27 14:00:00,2516.93,2542.0,2512.0,2534.73,78.1345,198082.905924
2022-05-27 14:15:00,2536.06,2537.78,2511.59,2511.59,58.2339,146884.15748
2022-05-27 14:30:00,2515.24,2522.25,2504.3,2509.91,19.8204,49764.338617
2022-05-27 14:45:00,2509.76,2511.48,2482.0,2482.0,43.2579,107925.806005
2022-05-27 15:00:00,2481.88,2486.13,2462.95,2471.17,91.6778,226921.836157
2022-05-27 15:15:00,2470.71,2474.19,2454.6,2465.34,44.0196,108542.483812
2022-05-27 15:30:00,2464.38,2486.43,2461.75,2476.29,22.6855,56150.60397
2022-05-27 15:45:00,2476.41,2486.21,2473.5,2480.94,15.1571,37603.757808
2022-05-27 16:00:00,2481.96,2486.68,2463.1,2467.55,60.704,150563.29151
2022-05-27 16:15:00,2466.22,2480.76,2450.0,2475.55,22.141,54562.704494
2022-05-27 16:30:00,2473.6,2473.6,2447.0,2449.19,84.7546,208628.527101
2022-05-27 16:45:00,2448.78,2460.79,2442.37,2454.06,13.5775,33299.493769
2022-05-27 17:00:00,2454.55,2462.39,2434.0,2446.2,14.9733,36616.888295
2022-05-27 17:15:00,2446.24,2462.0,2441.36,2457.27,17.5401,43027.036174
2022-05-27 17:30:00,2456.06,2456.58,2419.19,2440.18,61.902,150779.57116
2022-05-27 17:45:00,2438.88,2446.61,2423.18,2423.18,15.8079,38444.77631
2022-05-27 18:00:00,2426.83,2438.74,2417.0,2424.94,43.6293,105788.689335
2022-05-27 18:15:00,2424.2,2428.95,2414.0,2416.06,24.6102,59623.705311
2022-05-27 18:30:00,2416.52,2420.33,2408.0,2411.36,14.6123,35279.554882
2022-05-27 18:45:00,2412.69,2424.68,2399.0,2405.46,58.4222,140785.921184
2022-05-27 19:00:00,2403.3,2419.08,2401.27,2416.19,16.0097,38578.279711
2022-05-27 19:15:00,2416.03,2423.0,2408.09,2410.86,32.5512,78609.658024
2022-05-27 19:30:00,2412.94,2420.91,2406.19,2417.51,10.5731,25553.816235
2022-05-27 19:45:00,2416.95,2430.0,2416.95,2430.0,30.1065,72880.310557
2022-05-27 20:00:00,2429.64,2472.0,2420.87,2448.95,27.5701,67540.761559
2022-05-27 20:15:00,2450.64,2475.64,2438.84,2453.29,33.3321,81960.614346
2022-05-27 20:30:00,2453.55,2467.0,2452.73,2463.99,15.2382,37480.173937
2022-05-27 20:45:00,2462.56,2462.56,2450.99,2453.82,9.9338,24430.0718
2022-05-27 21:00:00,2454.04,2455.43,2437.48,2437.48,10.3507,25297.960738
2022-05-27 21:15:00,2441.83,2448.74,2438.35,2442.02,3.7752,9222.793638
2022-05-27 21:30:00,2441.77,2448.15,2438.79,2439.35,3.433,8383.108858
2022-05-27 21:45:00,2439.73,2446.57,2437.78,2446.57,10.7675,26253.604935
2022-05-27 22:00:00,2446.5,2446.5,2420.0,2423.2,8.913,21686.909131
2022-05-27 22:15:00,2420.53,2440.77,2413.74,2438.86,14.3102,34728.39361
2022-05-27 22:30:00,2439.56,2451.56,2437.37,2450.57,8.4032,20547.551384
2022-05-27 22:45:00,2450.96,2455.01,2445.27,2449.77,8.235,20178.923907
2022-05-27 23:00:00,2449.77,2451.29,2423.96,2435.61,35.3575,85994.961622
2022-05-27 23:15:00,2435.81,2438.78,2419.76,2420.72,18.4629,44910.299191
2022-05-27 23:30:00,2420.93,2422.19,2400.0,2406.55,28.6575,69079.566901
2022-05-27 23:45:00,2405.94,2413.34,2385.0,2407.37,44.8025,107445.221085
2022-05-28 00:00:00,2407.36,2412.07,2402.38,2410.02,24.0478,57915.614705
2022-05-28 00:15:00,2412.76,2428.69,2408.01,2428.69,30.2738,73299.6498
2022-05-28 00:30:00,2428.26,2437.28,2420.22,2423.81,14.5857,35421.856664
2022-05-28 00:45:00,2424.79,2438.73,2424.79,2437.49,36.5819,88882.526986
2022-05-28 01:00:00,2437.96,2444.24,2434.7,2442.96,27.4412,66937.657032
2022-05-28 01:15:00,2443.52,2448.12,2440.46,2441.88,31.7958,77727.556105
2022-05-28 01:30:00,2440.53,2443.79,2422.0,2422.83,37.5024,91419.421588
2022-05-28 01:45:00,2422.32,2430.76,2415.26,2415.26,24.817,60190.957766
2022-05-28 02:00:00,2415.69,2422.01,2413.42,2416.74,17.9447,43383.67761
2022-05-28 02:15:00,2417.26,2424.29,2413.09,2422.58,19.4789,47148.657869
2022-05-28 02:30:00,2421.18,2433.85,2420.81,2430.44,21.483,52160.455373
2022-05-28 02:45:00,2430.45,2434.03,2406.75,2411.33,34.7715,84029.791537
2022-05-28 03:00:00,2411.14,2421.92,2410.68,2417.5,22.1727,53605.888728
2022-05-28 03:15:00,2416.93,2426.39,2409.08,2426.39,52.1914,126005.223454
2022-05-28 03:30:00,2426.21,2438.49,2425.18,2432.04,31.8719,77472.208848
2022-05-28 03:45:00,2431.59,2450.24,2431.59,2449.59,31.5987,77159.273201
2022-05-28 04:00:00,2453.89,2469.8,2453.85,2468.63,44.9483,110577.974915
2022-05-28 04:15:00,2468.63,2468.63,2458.42,2459.09,3.2219,7935.929189
2022-05-28 04:30:00,2458.87,2468.6,2454.53,2466.91,16.3787,40311.856934
2022-05-28 04:45:00,2466.35,2469.01,2460.89,2464.6,9.7629,24061.816784
2022-05-28 05:00:00,2463.26,2471.74,2461.22,2462.28,27.8068,68593.35517
2022-05-28 05:15:00,2463.06,2464.07,2453.42,2459.43,8.8955,21864.303002
2022-05-28 05:30:00,2459.44,2469.62,2457.45,2469.62,12.9472,31924.883444
2022-05-28 05:45:00,2464.37,2486.22,2462.82,2479.32,28.4329,70421.506228
2022-05-28 06:00:00,2480.22,2484.71,2468.75,2470.45,22.8192,56510.8904
2022-05-28 06:15:00,2471.01,2474.85,2464.08,2468.25,9.161,22618.059923
2022-05-28 06:30:00,2468.45,2470.6,2463.34,2466.72,18.0633,44576.230788
2022-05-28 06:45:00,2466.44,2475.01,2465.51,2473.62,10.7561,26591.563718
2022-05-28 07:00:00,2471.96,2474.62,2465.55,2467.21,6.8026,16799.493335
2022-05-28 07:15:00,2466.26,2467.54,2458.37,2460.54,16.8588,41534.897254
2022-05-28 07:30:00,2461.16,2461.16,2457.27,2458.65,10.5668,25985.716949
2022-05-28 07:45:00,2458.81,2460.88,2453.27,2454.73,17.5595,43147.566678
2022-05-28 08:00:00,2454.26,2467.09,2453.55,2464.94,16.9149,41649.708217
2022-05-28 08:15:00,2465.15,2471.37,2465.15,2465.85,13.2283,32641.803097
2022-05-28 08:30:00,2464.5,2464.63,2455.35,2455.35,6.9252,17048.378407
2022-05-28 08:45:00,2457.01,2463.68,2440.89,2462.65,11.0774,27122.971129
2022-05-28 09:00:00,2463.73,2465.61,2458.24,2458.93,4.9149,12094.019885
2022-05-28 09:15:00,2460.77,2460.77,2451.93,2459.26,13.9157,34162.474267
2022-05-28 09:30:00,2458.02,2463.04,2457.75,2460.61,5.3272,13106.541311
2022-05-28 09:45:00,2457.51,2457.51,2446.13,2446.76,6.5714,16094.344445
2022-05-28 10:00:00,2446.79,2454.87,2442.87,2452.97,12.5161,30682.629726
2022-05-28 10:15:00,2451.13,2455.08,2445.79,2446.27,9.0798,22252.185503
2022-05-28 10:30:00,2445.75,2460.44,2444.88,2459.42,40.7488,99972.946536
2022-05-28 10:45:00,2459.36,2459.5,2448.05,2448.55,8.5216,20911.387372
2022-05-28 11:00:00,2448.0,2458.31,2448.0,2456.2,7.2964,17905.782894
2022-05-28 11:15:00,2455.69,2474.8,2453.75,2474.8,13.7965,33975.4284
2022-05-28 11:30:00,2473.81,2491.11,2468.99,2488.11,24.6703,61254.93035
2022-05-28 11:45:00,2487.4,2487.4,2476.64,2478.56,5.9339,14718.148713
2022-05-28 12:00:00,2479.27,2479.27,2473.63,2476.52,4.086,10118.987071
2022-05-28 12:15:00,2475.15,2482.3,2472.81,2472.81,8.6574,21462.693841
2022-05-28 12:30:00,2472.57,2493.62,2472.57,2490.68,6.3999,15890.109657
2022-05-28 12:45:00,2491.27,2493.08,2486.95,2487.56,13.9758,34795.603878
2022-05-28 13:00:00,2486.85,2504.04,2486.85,2496.32,14.2434,35576.413051
2022-05-28 13:15:00,2496.91,2498.94,2489.17,2496.22,12.0964,30171.140688
2022-05-28 13:30:00,2499.03,2511.09,2492.42,2496.34,25.3275,63448.786939
2022-05-28 13:45:00,2497.65,2501.06,2488.06,2490.08,18.2973,45664.764746
2022-05-28 14:00:00,2490.0,2495.87,2489.8,2495.87,6.9072,17214.6873
2022-05-28 14:15:00,2495.99,2499.13,2484.33,2487.0,9.0657,22583.266136
2022-05-28 14:30:00,2486.7,2490.07,2480.96,2488.07,19.4857,48424.081833
2022-05-28 14:45:00,2486.82,2493.47,2486.7,2491.25,21.8372,54386.462524
2022-05-28 15:00:00,2490.64,2490.92,2481.21,2490.2,15.9625,39677.844758
2022-05-28 15:15:00,2491.95,2497.71,2486.7,2496.05,15.8133,39422.011875
2022-05-28 15:30:00,2497.93,2506.39,2495.4,2504.19,11.2585,28141.788044
2022-05-28 15:45:00,2507.85,2527.41,2506.44,2513.05,29.7073,74805.386751
2022-05-28 16:00:00,2513.34,2518.47,2507.42,2510.12,14.508,36451.747458
2022-05-28 16:15:00,2509.68,2509.73,2502.53,2507.6,11.9885,30042.547711
2022-05-28 16:30:00,2503.4,2515.48,2499.88,2510.92,3.2343,8105.173821
2022-05-28 16:45:00,2513.01,2516.18,2507.4,2507.4,5.9118,14854.274703
2022-05-28 17:00:00,2508.69,2511.06,2482.78,2484.56,13.3764,33330.815958
2022-05-28 17:15:00,2483.04,2483.04,2466.29,2471.84,6.9508,17189.514885
2022-05-28 17:30:00,2472.44,2504.75,2462.88,2479.91,34.2532,84987.102539
2022-05-28 17:45:00,2481.09,2485.22,2478.32,2484.78,5.4792,13596.402657
2022-05-28 18:00:00,2485.55,2487.27,2480.33,2485.55,3.4042,8458.78997
2022-05-28 18:15:00,2486.29,2492.04,2486.29,2492.04,3.0611,7620.485666
2022-05-28 18:30:00,2491.99,2497.07,2491.99,2495.21,2.8429,7094.6885
2022-05-28 18:45:00,2494.96,2502.37,2494.96,2497.09,2.7165,6788.416362
2022-05-28 19:00:00,2498.43,2505.15,2498.43,2505.15,2.4191,6053.754818
2022-05-28 19:15:00,2503.99,2503.99,2497.59,2500.29,4.7343,11835.915788
2022-05-28 19:30:00,2498.2,2498.2,2493.51,2495.29,5.2242,13036.979969
2022-05-28 19:45:00,2493.1,2500.1,2493.1,2498.99,1.4302,3570.540175
2022-05-28 20:00:00,2498.91,2517.49,2498.91,2508.75,8.7787,22010.087767
2022-05-28 20:15:00,2509.1,2509.1,2501.4,2502.19,3.2569,8163.068252
2022-05-28 20:30:00,2502.34,2506.78,2501.95,2502.69,1.1781,2949.199731
2022-05-28 20:45:00,2502.94,2504.11,2498.35,2504.11,2.8403,7106.778864
2022-05-28 21:00:00,2504.31,2509.98,2504.31,2509.98,2.8436,7127.967637
2022-05-28 21:15:00,2511.77,2515.84,2506.19,2506.95,10.9478,27506.816508
2022-05-28 21:30:00,2505.76,2510.56,2500.06,2500.11,3.1187,7813.360956
2022-05-28 21:45:00,2503.61,2504.27,2503.61,2504.25,1.3035,3264.175407
2022-05-28 22:00:00,2501.81,2502.77,2497.61,2497.61,4.5503,11379.014834
2022-05-28 22:15:00,2495.71,2497.07,2488.85,2494.3,2.549,6357.644935
2022-05-28 22:30:00,2492.49,2493.49,2490.2,2492.76,2.5035,6239.728651
2022-05-28 22:45:00,2494.87,2499.34,2489.36,2497.54,20.7992,51854.98411
2022-05-28 23:00:00,2498.24,2503.11,2497.5,2497.5,6.5037,16263.015046
2022-05-28 23:15:00,2496.99,2512.75,2496.99,2512.75,4.7419,11865.100496
2022-05-28 23:30:00,2513.25,2515.48,2506.88,2512.99,6.7907,17050.092415
2022-05-28 23:45:00,2512.96,2521.71,2508.27,2517.89,13.8041,34715.253073
2022-05-29 00:00:00,2519.22,2525.7,2507.14,2507.57,51.0444,128404.832554
2022-05-29 00:15:00,2508.41,2511.46,2504.0,2506.34,22.3866,56150.867193
2022-05-29 00:30:00,2506.07,2510.08,2500.86,2505.67,23.702,59380.201792
2022-05-29 00:45:00,2506.66,2506.72,2497.75,2502.44,21.6072,54082.224948
2022-05-29 01:00:00,2500.7,2508.2,2500.7,2502.6,9.4169,23586.549748
2022-05-29 01:15:00,2501.66,2501.74,2492.24,2495.9,8.457,21106.243422
2022-05-29 01:30:00,2494.54,2500.88,2491.22,2491.22,8.769,21894.762157
2022-05-29 01:45:00,2490.47,2491.17,2477.25,2477.25,15.8689,39423.140964
2022-05-29 02:00:00,2479.7,2485.77,2479.16,2482.89,10.3583,25702.405963
2022-05-29 02:15:00,2481.35,2483.51,2463.04,2471.42,17.54,43355.546201
2022-05-29 02:30:00,2470.77,2474.39,2464.18,2468.15,7.0935,17513.651837
2022-05-29 02:45:00,2468.59,2473.34,2467.18,2470.85,13.4929,33341.832072
2022-05-29 03:00:00,2471.26,2473.85,2467.51,2473.85,4.1729,10313.836164
2022-05-29 03:15:00,2471.48,2478.39,2467.7,2475.87,7.1287,17609.178155
2022-05-29 03:30:00,2475.87,2476.64,2470.57,2476.64,7.9012,19543.408379
2022-05-29 03:45:00,2477.77,2481.31,2475.98,2480.6,5.5269,13701.89881
2022-05-29 04:00:00,2479.85,2483.98,2476.59,2483.98,9.3194,23109.290249
2022-05-29 04:15:00,2480.8,2483.73,2478.27,2482.75,5.4057,13413.488431
2022-05-29 04:30:00,2479.7,2479.7,2473.39,2477.59,8.4364,20893.039616
2022-05-29 04:45:00,2477.59,2482.94,2475.23,2482.94,8.8723,21987.219442
2022-05-29 05:00:00,2485.06,2485.06,2476.83,2476.83,4.5076,11186.841603
2022-05-29 05:15:00,2477.85,2482.96,2475.71,2481.22,3.9703,9850.876599
2022-05-29 05:30:00,2483.34,2488.27,2483.34,2488.06,4.3965,10927.762223
2022-05-29 05:45:00,2486.85,2487.77,2484.35,2485.05,2.9244,7270.822474
2022-05-29 06:00:00,2487.73,2492.12,2483.56,2491.99,6.1724,15360.790757
2022-05-29 06:15:00,2492.04,2499.09,2487.81,2488.82,17.688,44118.631677
2022-05-29 06:30:00,2487.37,2489.16,2485.0,2486.34,4.8797,12134.924539
2022-05-29 06:45:00,2485.72,2488.04,2484.02,2487.18,5.6618,14074.364503
2022-05-29 07:00:00,2488.16,2488.88,2486.43,2488.25,0.8937,2223.441134
2022-05-29 07:15:00,2488.88,2489.48,2485.26,2486.85,3.0915,7688.944954
2022-05-29 07:30:00,2486.31,2492.6,2484.38,2490.78,6.7538,16796.100712
2022-05-29 07:45:00,2491.49,2494.7,2488.72,2491.56,11.7937,29382.247904
2022-05-29 08:00:00,2490.61,2492.97,2488.18,2490.11,4.5778,11403.224718
2022-05-29 08:15:00,2492.56,2493.9,2487.28,2493.9,6.8866,17147.659109
2022-05-29 08:30:00,2492.97,2510.46,2492.26,2504.4,75.4164,188779.895648
2022-05-29 08:45:00,2504.85,2509.71,2496.38,2501.74,50.6669,126928.86261
2022-05-29 09:00:00,2499.32,2502.79,2493.69,2496.26,28.2604,70602.096177
2022-05-29 09:15:00,2495.38,2498.0,2489.55,2491.69,14.513,36165.815765
2022-05-29 09:30:00,2491.77,2493.75,2484.08,2486.63,19.717,49032.568687
2022-05-29 09:45:00,2487.14,2488.84,2480.84,2484.37,7.8211,19436.811594
2022-05-29 10:00:00,2486.56,2489.11,2484.63,2489.11,10.0155,24911.554594
2022-05-29 10:15:00,2488.94,2506.93,2488.94,2504.07,14.1973,35532.043974
2022-05-29 10:30:00,2505.09,2514.69,2502.65,2502.65,20.3356,51053.200786
2022-05-29 10:45:00,2503.07,2509.18,2502.1,2504.51,8.942,22405.093278
2022-05-29 11:00:00,2505.01,2511.0,2500.51,2510.42,14.9241,37383.336224
2022-05-29 11:15:00,2511.44,2514.37,2506.6,2506.6,21.5905,54225.780657
2022-05-29 11:30:00,2507.62,2518.16,2506.43,2509.49,23.065,57925.482939
2022-05-29 11:45:00,2510.05,2512.53,2507.58,2509.31,8.403,21090.576029
2022-05-29 12:00:00,2509.18,2522.11,2508.43,2519.08,20.6091,51857.336789
2022-05-29 12:15:00,2520.37,2542.77,2516.36,2541.19,46.3891,117579.055489
2022-05-29 12:30:00,2544.88,2544.88,2530.25,2533.82,9.987,25321.60479
2022-05-29 12:45:00,2533.71,2537.84,2529.96,2533.16,12.6039,31938.168205
2022-05-29 13:00:00,2532.43,2545.3,2529.77,2536.13,13.7305,34844.804631
2022-05-29 13:15:00,2539.11,2553.81,2531.72,2531.72,18.9026,48087.149698
2022-05-29 13:30:00,2533.09,2539.32,2532.59,2537.11,7.0552,17888.133947
2022-05-29 13:45:00,2539.19,2541.99,2534.18,2541.99,5.7499,14581.225673
2022-05-29 14:00:00,2541.47,2541.66,2530.7,2530.7,5.5731,14120.335247
2022-05-29 14:15:00,2531.71,2531.71,2524.65,2528.53,30.9231,78196.974428
2022-05-29 14:30:00,2528.42,2536.08,2528.26,2530.27,20.6301,52253.328845
2022-05-29 14:45:00,2530.84,2531.87,2527.13,2528.9,6.0935,15409.837201
2022-05-29 15:00:00,2528.64,2532.54,2523.33,2524.86,17.6679,44684.899491
2022-05-29 15:15:00,2522.86,2522.86,2509.2,2516.54,22.052,55453.955565
2022-05-29 15:30:00,2517.21,2517.31,2510.59,2513.85,15.6436,39319.502839
2022-05-29 15:45:00,2514.48,2514.88,2507.69,2510.99,13.3127,33414.950648
2022-05-29 16:00:00,2511.12,2513.46,2509.15,2511.83,2.0663,5190.631365
2022-05-29 16:15:00,2512.74,2521.13,2512.74,2516.17,10.2656,25824.574481
2022-05-29 16:30:00,2520.56,2530.0,2520.56,2525.87,3.0375,7672.184901
2022-05-29 16:45:00,2527.05,2529.94,2526.1,2526.38,5.1733,13080.037531
2022-05-29 17:00:00,2526.15,2526.15,2520.23,2520.64,2.1833,5506.201707
2022-05-29 17:15:00,2520.48,2521.77,2519.27,2519.38,0.3451,869.504573
2022-05-29 17:30:00,2519.16,2526.04,2513.67,2526.04,5.5184,13900.240519
2022-05-29 17:45:00,2528.12,2529.0,2523.37,2523.37,2.7386,6920.332074
2022-05-29 18:00:00,2522.56,2522.56,2509.43,2513.63,2.6078,6551.073569
2022-05-29 18:15:00,2513.04,2518.37,2513.04,2514.93,1.4742,3708.33792
2022-05-29 18:30:00,2515.65,2520.31,2515.65,2520.31,0.7763,1954.670507
2022-05-29 18:45:00,2519.27,2519.27,2512.33,2512.33,1.6089,4047.022037
2022-05-29 19:00:00,2514.06,2514.06,2506.83,2506.83,7.0922,17799.136575
2022-05-29 19:15:00,2511.29,2511.29,2497.9,2501.23,15.7962,39530.383098
2022-05-29 19:30:00,2500.66,2500.66,2495.0,2496.6,8.3456,20841.607704
2022-05-29 19:45:00,2499.63,2500.58,2495.5,2495.92,2.7304,6823.386581
2022-05-29 20:00:00,2497.82,2498.48,2495.09,2496.74,1.689,4217.779214
2022-05-29 20:15:00,2496.72,2510.72,2496.72,2505.32,11.6968,29307.286079
2022-05-29 20:30:00,2507.22,2508.3,2503.4,2508.3,2.4722,6192.694654
2022-05-29 20:45:00,2503.4,2508.69,2501.18,2507.77,3.2541,8151.94402
2022-05-29 21:00:00,2508.58,2508.58,2506.7,2508.15,1.6974,4256.848866
2022-05-29 21:15:00,2508.41,2510.23,2507.51,2510.13,2.5293,6345.243446
2022-05-29 21:30:00,2510.44,2514.81,2507.25,2514.81,4.0718,10215.488477
2022-05-29 21:45:00,2513.55,2522.0,2513.55,2518.3,4.8159,12117.541846
2022-05-29 22:00:00,2518.3,2520.91,2511.54,2520.91,2.243,5645.544314
2022-05-29 22:15:00,2523.0,2525.56,2507.17,2519.95,13.192,33179.749584
2022-05-29 22:30:00,2522.0,2537.55,2520.0,2532.67,23.1321,58462.798557
2022-05-29 22:45:00,2536.26,2549.0,2533.13,2535.59,23.3115,59207.383672
2022-05-29 23:00:00,2534.19,2535.55,2527.43,2527.43,14.9189,37756.896469
2022-05-29 23:15:00,2529.95,2537.86,2526.73,2537.08,9.4846,24022.190096
2022-05-29 23:30:00,2537.4,2537.4,2533.13,2536.17,3.797,9626.338977
2022-05-29 23:45:00,2535.24,2535.24,2528.12,2530.21,4.8909,12375.462744
2022-05-30 00:00:00,2529.24,2535.67,2526.94,2531.74,19.883,50349.245939
2022-05-30 00:15:00,2532.05,2532.05,2514.72,2519.38,12.3616,31206.469015
2022-05-30 00:30:00,2521.64,2525.92,2521.64,2523.09,6.4099,16177.090845
2022-05-30 00:45:00,2524.6,2525.28,2519.68,2522.05,6.4725,16323.778735
2022-05-30 01:00:00,2522.26,2524.11,2516.67,2519.51,48.4672,122066.065802
2022-05-30 01:15:00,2519.5,2526.59,2518.76,2525.12,16.7368,42217.727046
2022-05-30 01:30:00,2527.0,2539.78,2524.83,2538.7,36.0837,91403.288838
2022-05-30 01:45:00,2538.28,2566.87,2538.28,2563.72,120.7574,308603.978698
2022-05-30 02:00:00,2565.71,2572.65,2556.56,2571.92,80.2111,205593.745866
2022-05-30 02:15:00,2571.79,2606.42,2568.14,2600.71,85.3563,220995.820754
2022-05-30 02:30:00,2600.13,2612.63,2600.13,2609.65,37.4255,97577.976786
2022-05-30 02:45:00,2609.52,2620.0,2602.77,2618.24,21.537,56208.041027
2022-05-30 03:00:00,2617.25,2617.53,2607.17,2611.01,22.4601,58644.29681
2022-05-30 03:15:00,2614.13,2622.11,2608.18,2608.59,16.352,42767.074244
2022-05-30 03:30:00,2608.88,2618.66,2607.86,2618.44,15.023,39264.511238
2022-05-30 03:45:00,2617.66,2623.92,2612.82,2623.65,16.3818,42917.197684
2022-05-30 04:00:00,2622.12,2631.03,2615.45,2617.53,24.4686,64110.337875
2022-05-30 04:15:00,2618.33,2624.29,2612.37,2613.78,21.978,57546.992344
2022-05-30 04:30:00,2613.87,2618.12,2612.71,2615.11,38.7218,101297.276576
2022-05-30 04:45:00,2615.11,2615.37,2602.34,2610.59,28.2197,73693.221557
2022-05-30 05:00:00,2609.8,2612.13,2606.11,2607.25,28.7745,75081.983237
2022-05-30 05:15:00,2609.81,2613.93,2607.63,2613.92,58.6869,153218.619254
2022-05-30 05:30:00,2614.09,2616.52,2609.72,2613.35,44.665,116712.026482
2022-05-30 05:45:00,2613.71,2635.0,2613.49,2626.66,61.9127,162359.06164
2022-05-30 06:00:00,2624.01,2640.5,2619.6,2639.66,74.0776,194436.256127
2022-05-30 06:15:00,2640.05,2646.36,2633.74,2642.99,37.6727,99452.137479
2022-05-30 06:30:00,2641.54,2663.97,2639.58,2641.93,78.347,207562.491911
2022-05-30 06:45:00,2642.19,2663.79,2642.19,2653.03,59.2928,157156.390537
2022-05-30 07:00:00,2654.17,2662.53,2649.13,2651.61,23.9788,63702.262011
2022-05-30 07:15:00,2652.66,2654.44,2644.17,2652.69,34.3181,90994.524408
2022-05-30 07:30:00,2653.02,2654.72,2648.92,2650.0,40.8556,108347.384152
2022-05-30 07:45:00,2648.68,2654.85,2647.31,2653.65,35.4737,94060.639108
2022-05-30 08:00:00,2653.75,2662.74,2652.16,2657.66,31.7968,84484.290527
2022-05-30 08:15:00,2657.87,2662.21,2647.86,2649.93,31.183,82850.840024
2022-05-30 08:30:00,2651.89,2661.15,2651.89,2656.95,39.5615,105169.034522
2022-05-30 08:45:00,2656.69,2656.69,2650.0,2650.0,31.9716,84811.722664
2022-05-30 09:00:00,2649.29,2653.97,2647.77,2652.64,22.3746,59324.636571
2022-05-30 09:15:00,2652.26,2654.68,2640.9,2641.87,27.4465,72727.772642
2022-05-30 09:30:00,2642.73,2651.05,2639.86,2649.39,15.4259,40825.986696
2022-05-30 09:45:00,2649.4,2650.89,2642.84,2646.25,27.8242,73643.103569
2022-05-30 10:00:00,2646.65,2650.55,2645.77,2647.76,25.811,68345.908119
2022-05-30 10:15:00,2648.58,2653.74,2633.14,2639.12,33.6492,88957.773929
2022-05-30 10:30:00,2639.73,2644.81,2636.62,2641.9,18.2465,48214.229651
2022-05-30 10:45:00,2642.04,2643.46,2633.21,2640.02,22.745,59988.325416
2022-05-30 11:00:00,2638.68,2641.14,2635.12,2636.46,15.4591,40786.672136
2022-05-30 11:15:00,2636.46,2642.3,2634.88,2642.17,23.8518,62936.873352
2022-05-30 11:30:00,2641.49,2654.29,2639.29,2652.94,24.195,64013.067524
2022-05-30 11:45:00,2651.46,2652.99,2648.38,2651.98,8.5742,22731.445365
2022-05-30 12:00:00,2650.01,2650.01,2642.29,2646.55,10.8049,28589.565688
2022-05-30 12:15:00,2647.05,2651.11,2643.53,2651.11,13.0545,34558.780315
2022-05-30 12:30:00,2648.48,2664.03,2617.31,2617.31,37.0976,97804.504804
2022-05-30 12:45:00,2621.77,2626.73,2608.88,2619.23,15.3402,40150.237826
2022-05-30 13:00:00,2620.77,2639.85,2620.77,2631.39,38.5297,101191.088921
2022-05-30 13:15:00,2632.58,2636.1,2616.44,2616.44,8.6962,22837.332566
2022-05-30 13:30:00,2617.43,2621.38,2611.5,2617.71,10.1918,26680.073149
2022-05-30 13:45:00,2616.69,2625.93,2615.78,2622.02,11.4942,30106.520272
2022-05-30 14:00:00,2621.23,2633.0,2620.32,2633.0,12.4383,32672.707462
2022-05-30 14:15:00,2632.71,2672.89,2630.0,2655.31,19.3915,51395.900678
2022-05-30 14:30:00,2652.7,2671.67,2652.7,2667.25,5.3154,14169.942753
2022-05-30 14:45:00,2667.84,2670.36,2636.0,2638.23,10.5931,28110.308608
2022-05-30 15:00:00,2637.3,2645.76,2633.83,2636.13,26.6794,70394.344534
2022-05-30 15:15:00,2635.37,2650.41,2635.11,2647.8,9.3725,24793.927576
2022-05-30 15:30:00,2644.6,2654.01,2637.73,2652.78,13.7607,36438.884845
2022-05-30 15:45:00,2652.79,2657.67,2642.93,2652.61,12.8154,33982.023931
2022-05-30 16:00:00,2654.44,2662.0,2652.71,2658.86,12.5172,33265.34676
2022-05-30 16:15:00,2657.56,2660.88,2650.0,2656.22,7.2257,19213.949567
2022-05-30 16:30:00,2657.03,2668.1,2655.1,2664.51,6.2132,16533.611758
2022-05-30 16:45:00,2664.18,2671.43,2655.91,2667.93,3.7874,10087.131806
2022-05-30 17:00:00,2668.06,2686.26,2659.99,2666.22,15.5861,41696.746946
2022-05-30 17:15:00,2665.87,2672.8,2659.83,2672.05,7.9872,21295.895784
2022-05-30 17:30:00,2672.75,2686.54,2672.75,2683.34,15.9703,42833.189697
2022-05-30 17:45:00,2683.21,2684.98,2678.26,2684.17,8.5664,22966.021462
2022-05-30 18:00:00,2683.45,2686.56,2675.23,2676.91,5.7222,15354.992464
2022-05-30 18:15:00,2676.51,2677.18,2674.09,2675.31,2.5726,6883.875496
2022-05-30 18:30:00,2674.22,2674.22,2668.39,2671.8,3.262,8713.548155
2022-05-30 18:45:00,2671.5,2671.84,2665.59,2671.84,5.1559,13760.23846
2022-05-30 19:00:00,2672.15,2672.83,2667.71,2668.72,1.4548,3883.250074
2022-05-30 19:15:00,2668.71,2682.02,2666.84,2678.88,12.1956,32600.891166
2022-05-30 19:30:00,2679.04,2680.1,2677.24,2679.93,6.2975,16875.361452
2022-05-30 19:45:00,2676.46,2685.61,2671.37,2674.09,10.9449,29292.132403
2022-05-30 20:00:00,2671.56,2671.56,2657.07,2664.63,7.5874,20218.153987
2022-05-30 20:15:00,2663.68,2683.53,2658.77,2679.02,20.5524,54869.622152
2022-05-30 20:30:00,2679.0,2717.04,2679.0,2705.7,39.9223,107782.386019
2022-05-30 20:45:00,2700.0,2709.27,2687.81,2703.53,26.8655,72506.670417
2022-05-30 21:00:00,2703.43,2715.09,2692.62,2713.99,18.7779,50852.22702
2022-05-30 21:15:00,2716.08,2734.9,2708.29,2726.66,36.7209,99800.445851
2022-05-30 21:30:00,2727.57,2775.0,2727.57,2754.06,113.5611,313479.039001
2022-05-30 21:45:00,2752.27,2760.0,2742.35,2747.56,12.9787,35654.433521
2022-05-30 22:00:00,2746.19,2767.22,2745.43,2765.23,13.9041,38279.347446
2022-05-30 22:15:00,2764.81,2773.77,2757.21,2764.03,28.4074,78496.952709
2022-05-30 22:30:00,2761.57,2769.5,2748.28,2764.84,24.9443,68778.600954
2022-05-30 22:45:00,2764.75,2776.61,2757.16,2773.71,17.7873,49226.6664
2022-05-30 23:00:00,2774.13,2779.0,2768.27,2778.68,19.9221,55257.676553
2022-05-30 23:15:00,2777.98,2795.95,2760.0,2792.71,29.9438,83361.692994
2022-05-30 23:30:00,2794.01,2794.91,2778.34,2781.33,21.8771,60943.490942
2022-05-30 23:45:00,2780.54,2780.54,2750.0,2772.81,22.6646,62788.552958
2022-05-31 00:00:00,2772.82,2780.39,2767.29,2775.8,40.5126,112319.422943
2022-05-31 00:15:00,2777.18,2800.0,2770.11,2771.3,67.8362,188866.835471
2022-05-31 00:30:00,2771.25,2772.54,2761.33,2770.55,18.8407,52135.219565
2022-05-31 00:45:00,2769.75,2773.17,2763.63,2766.28,20.4913,56723.222177
2022-05-31 01:00:00,2767.81,2777.9,2756.53,2774.58,32.2643,89286.864428
2022-05-31 01:15:00,2774.39,2776.92,2770.21,2774.95,19.5766,54293.261781
2022-05-31 01:30:00,2775.24,2775.35,2764.34,2772.71,27.8792,77214.546502
2022-05-31 01:45:00,2771.14,2776.62,2756.0,2762.92,61.1296,169083.099424
2022-05-31 02:00:00,2762.47,2765.19,2760.38,2763.75,58.982,162959.496244
2022-05-31 02:15:00,2763.11,2771.63,2759.37,2771.54,38.6087,106789.214709
2022-05-31 02:30:00,2771.64,2775.19,2764.43,2775.19,15.3704,42564.630385
2022-05-31 02:45:00,2772.33,2773.63,2768.58,2771.97,18.3649,50897.246651
2022-05-31 03:00:00,2774.69,2781.55,2772.7,2778.64,9.5984,26663.995273
2022-05-31 03:15:00,2779.81,2786.66,2775.0,2786.66,21.8731,60842.804725
2022-05-31 03:30:00,2786.65,2786.65,2772.39,2775.43,9.1956,25567.676642
2022-05-31 03:45:00,2771.24,2773.71,2765.02,2769.92,17.3701,48086.477387
2022-05-31 04:00:00,2769.22,2783.35,2768.88,2774.18,12.9112,35841.150356
2022-05-31 04:15:00,2773.35,2777.3,2765.0,2777.0,10.5849,29330.361023
2022-05-31 04:30:00,2776.82,2776.82,2772.27,2775.69,9.427,26154.757783
2022-05-31 04:45:00,2775.12,2778.03,2761.62,2762.43,31.5182,87329.665174
2022-05-31 05:00:00,2761.94,2766.29,2759.87,2759.87,29.4096,81242.138099
2022-05-31 05:15:00,2760.33,2763.54,2751.76,2755.51,29.7903,82186.301775
2022-05-31 05:30:00,2755.34,2762.29,2755.34,2761.26,19.287,53216.074941
2022-05-31 05:45:00,2762.15,2762.93,2750.0,2751.53,15.4173,42484.026069
2022-05-31 06:00:00,2751.18,2756.19,2749.4,2752.06,12.4703,34336.94216
2022-05-31 06:15:00,2750.2,2752.74,2739.84,2744.65,19.2796,52937.218996
2022-05-31 06:30:00,2741.85,2753.6,2732.52,2738.8,55.0943,151024.403319
2022-05-31 06:45:00,2738.01,2740.85,2722.87,2739.84,34.8686,95413.04446
2022-05-31 07:00:00,2739.42,2746.66,2732.75,2740.38,46.6073,127610.009264
2022-05-31 07:15:00,2741.54,2746.66,2740.0,2744.26,50.9636,139834.589425
2022-05-31 07:30:00,2744.7,2748.76,2739.61,2746.36,29.3254,80432.000055
2022-05-31 07:45:00,2746.85,2749.0,2740.01,2744.35,26.9323,73950.273329
2022-05-31 08:00:00,2740.13,2745.78,2736.13,2742.03,28.1204,77037.512003
2022-05-31 08:15:00,2742.19,2748.9,2738.16,2741.36,47.4469,130125.272794
2022-05-31 08:30:00,2740.04,2742.55,2737.58,2741.15,6.612,18121.733586
2022-05-31 08:45:00,2741.07,2742.75,2739.09,2741.5,6.6453,18211.555759
2022-05-31 09:00:00,2741.47,2755.1,2737.78,2739.8,18.2583,50109.634367
2022-05-31 09:15:00,2741.81,2741.81,2727.62,2735.3,17.4154,47658.598382
2022-05-31 09:30:00,2732.84,2736.45,2723.45,2734.7,22.4756,61348.238004
2022-05-31 09:45:00,2735.12,2741.39,2727.14,2731.23,16.5408,45223.298738
2022-05-31 10:00:00,2731.16,2736.97,2729.57,2736.97,10.6083,28999.960273
2022-05-31 10:15:00,2733.68,2745.53,2731.15,2744.19,16.9277,46334.089498
2022-05-31 10:30:00,2746.27,2747.81,2739.58,2740.02,42.9525,117837.006102
2022-05-31 10:45:00,2741.01,2746.89,2739.11,2745.67,29.6301,81289.440028
2022-05-31 11:00:00,2746.38,2747.2,2738.22,2744.7,16.6796,45759.726161
2022-05-31 11:15:00,2746.66,2760.0,2745.12,2751.1,21.3219,58712.055341
2022-05-31 11:30:00,2750.18,2765.0,2748.13,2765.0,24.7028,68119.011039
2022-05-31 11:45:00,2764.4,2765.15,2759.08,2760.83,33.3442,92129.223975
2022-05-31 12:00:00,2761.46,2762.96,2751.13,2757.32,10.3596,28566.013034
2022-05-31 12:15:00,2756.46,2756.46,2748.51,2753.49,20.0677,55207.178278
2022-05-31 12:30:00,2751.56,2757.21,2738.69,2742.91,19.2598,53004.574057
2022-05-31 12:45:00,2742.74,2745.66,2734.29,2737.14,8.2681,22652.961851
2022-05-31 13:00:00,2736.35,2742.89,2731.14,2742.34,18.7739,51406.76724
2022-05-31 13:15:00,2741.56,2757.1,2741.56,2754.38,30.2058,83206.840677
2022-05-31 13:30:00,2755.77,2767.66,2748.04,2763.15,84.6213,233085.842154
2022-05-31 13:45:00,2763.05,2763.05,2695.16,2708.41,80.4601,218746.997178
2022-05-31 14:00:00,2710.8,2718.65,2699.25,2707.76,36.7105,99429.939822
2022-05-31 14:15:00,2705.97,2709.12,2689.58,2709.05,21.4405,57872.834934
2022-05-31 14:30:00,2709.44,2727.0,2706.26,2721.7,27.0275,73480.398361
2022-05-31 14:45:00,2722.97,2736.03,2722.47,2730.89,40.1412,109658.127426
2022-05-31 15:00:00,2731.23,2738.0,2727.97,2733.22,12.687,34656.573958
2022-05-31 15:15:00,2733.25,2736.95,2717.53,2718.73,15.0964,41170.140059
2022-05-31 15:30:00,2717.39,2726.17,2710.82,2724.49,7.4745,20329.304053
2022-05-31 15:45:00,2721.73,2735.85,2715.77,2733.14,10.5495,28768.285774
2022-05-31 16:00:00,2735.31,2774.0,2735.29,2764.14,47.7086,131824.686591
2022-05-31 16:15:00,2765.42,2780.0,2737.82,2737.82,17.394,48039.389628
2022-05-31 16:30:00,2737.69,2749.7,2728.0,2748.55,34.8044,95237.375757
2022-05-31 16:45:00,2748.51,2765.0,2731.95,2758.73,17.5006,48089.156072
2022-05-31 17:00:00,2760.04,2763.73,2744.2,2744.38,13.1206,36087.228025
2022-05-31 17:15:00,2747.48,2751.49,2736.11,2745.37,8.6747,23832.097308
2022-05-31 17:30:00,2743.66,2743.66,2715.92,2721.95,10.7663,29361.915063
2022-05-31 17:45:00,2720.13,2727.79,2716.12,2721.83,6.3194,17215.875972
2022-05-31 18:00:00,2721.43,2736.63,2721.43,2735.06,7.1456,19491.407852
2022-05-31 18:15:00,2734.42,2738.0,2729.69,2734.84,2.9605,8093.962535
2022-05-31 18:30:00,2734.34,2736.88,2724.98,2728.07,5.4714,14934.090235
2022-05-31 18:45:00,2728.74,2728.74,2702.0,2702.0,6.59,17895.305612
2022-05-31 19:00:00,2703.11,2704.31,2684.0,2693.41,16.8337,45369.093936
2022-05-31 19:15:00,2691.18,2701.52,2687.66,2696.95,30.4543,82067.491256
2022-05-31 19:30:00,2702.0,2706.16,2694.76,2695.73,50.9266,137664.670972
2022-05-31 19:45:00,2696.07,2702.13,2689.0,2689.0,8.0651,21753.622714
2022-05-31 20:00:00,2690.51,2696.81,2684.75,2694.49,6.6927,18012.296268
2022-05-31 20:15:00,2699.63,2708.7,2694.5,2705.16,10.3822,28046.822184
2022-05-31 20:30:00,2707.55,2707.55,2700.21,2703.88,6.0007,16228.721593
2022-05-31 20:45:00,2703.72,2711.74,2701.39,2704.25,7.7454,20959.747927
2022-05-31 21:00:00,2703.7,2719.54,2703.53,2717.94,9.0425,24529.785607
2022-05-31 21:15:00,2717.6,2719.58,2713.33,2715.92,7.1272,19365.533007
2022-05-31 21:30:00,2716.05,2719.73,2714.64,2717.23,5.9392,16136.417246
2022-05-31 21:45:00,2718.84,2718.84,2710.08,2710.08,0.3411,926.982607
2022-05-31 22:00:00,2709.64,2718.84,2706.66,2710.79,12.2454,33191.752073
2022-05-31 22:15:00,2711.49,2716.99,2705.42,2707.51,22.5097,61036.284322
2022-05-31 22:30:00,2708.96,2722.55,2708.16,2714.6,20.8202,56534.160661
2022-05-31 22:45:00,2718.24,2721.29,2711.28,2719.88,15.825,43007.484198
2022-05-31 23:00:00,2717.6,2728.17,2715.51,2724.7,7.4047,20145.630797
2022-05-31 23:15:00,2724.64,2725.09,2716.17,2717.67,11.0263,29994.769596
2022-05-31 23:30:00,2718.81,2722.09,2715.81,2718.28,3.2189,8754.321882
2022-05-31 23:45:00,2719.03,2720.64,2712.1,2712.1,6.3101,17141.375174
2022-06-01 00:00:00,2712.68,2716.9,2697.93,2701.57,30.7631,83238.007255
2022-06-01 00:15:00,2702.4,2712.85,2688.68,2696.71,9.2249,24933.403158
2022-06-01 00:30:00,2696.8,2707.53,2684.77,2696.97,31.7392,85596.565811
2022-06-01 00:45:00,2697.47,2712.98,2691.82,2710.65,13.4241,36331.697539
2022-06-01 01:00:00,2712.73,2720.22,2704.26,2720.22,21.4256,58201.98709
2022-06-01 01:15:00,2715.79,2716.27,2707.28,2712.18,10.9007,29551.040857
2022-06-01 01:30:00,2713.57,2716.0,2701.69,2708.23,10.2508,27750.350353
2022-06-01 01:45:00,2707.42,2712.57,2703.32,2704.13,9.356,25338.33161
2022-06-01 02:00:00,2704.4,2712.27,2704.4,2710.23,8.8084,23858.999287
2022-06-01 02:15:00,2709.26,2710.25,2700.03,2700.89,17.8906,48378.809256
2022-06-01 02:30:00,2700.0,2700.0,2687.38,2691.44,11.7763,31729.837008
2022-06-01 02:45:00,2691.37,2696.05,2689.29,2696.05,12.3199,33175.669077
2022-06-01 03:00:00,2694.26,2699.64,2687.66,2699.64,9.9533,26813.276612
2022-06-01 03:15:00,2699.57,2699.6,2689.44,2689.44,13.2334,35671.47013
2022-06-01 03:30:00,2690.43,2696.02,2684.01,2691.0,7.2182,19418.723052
2022-06-01 03:45:00,2690.4,2690.41,2683.0,2684.21,14.0575,37744.062798
2022-06-01 04:00:00,2684.74,2690.0,2681.37,2686.74,26.1004,70078.44526
2022-06-01 04:15:00,2690.35,2693.45,2666.82,2681.59,49.9153,133575.793339
2022-06-01 04:30:00,2684.89,2692.02,2684.89,2689.04,22.188,59658.019335
2022-06-01 04:45:00,2687.79,2697.74,2687.79,2693.83,20.2709,54631.486617
2022-06-01 05:00:00,2695.03,2702.2,2693.12,2699.49,28.0116,75530.086327
2022-06-01 05:15:00,2698.84,2702.52,2694.76,2695.32,45.4319,122609.534012
2022-06-01 05:30:00,2695.67,2697.67,2688.94,2689.55,2.8258,7615.763566
2022-06-01 05:45:00,2689.84,2697.94,2680.2,2695.84,40.6784,109262.366632
2022-06-01 06:00:00,2695.74,2698.17,2691.89,2696.12,16.424,44242.475773
2022-06-01 06:15:00,2696.13,2699.18,2692.85,2698.04,35.8611,96670.564418
2022-06-01 06:30:00,2699.29,2702.43,2693.36,2701.58,47.1983,127326.574957
2022-06-01 06:45:00,2697.18,2700.05,2692.41,2698.03,14.5913,39345.162958
2022-06-01 07:00:00,2698.03,2700.86,2695.89,2699.46,18.5507,50066.316385
2022-06-01 07:15:00,2700.0,2709.25,2691.03,2696.08,54.8564,147871.496375
2022-06-01 07:30:00,2695.3,2697.78,2688.0,2695.35,11.9586,32210.399469
2022-06-01 07:45:00,2695.78,2702.36,2687.11,2687.22,28.1247,75883.623483
2022-06-01 08:00:00,2687.49,2691.67,2684.3,2684.62,27.5898,74158.971299
2022-06-01 08:15:00,2685.74,2687.56,2678.32,2683.2,24.7207,66318.609999
2022-06-01 08:30:00,2683.03,2693.9,2682.9,2693.42,19.653,52878.852696
2022-06-01 08:45:00,2695.56,2697.45,2691.0,2692.58,18.1376,48885.743474
2022-06-01 09:00:00,2693.16,2697.66,2689.15,2691.82,19.0782,51395.526764
2022-06-01 09:15:00,2693.24,2694.59,2689.14,2689.14,6.9149,18614.014754
2022-06-01 09:30:00,2690.38,2701.42,2688.98,2701.42,23.5639,63555.523153
2022-06-01 09:45:00,2698.73,2701.37,2695.61,2699.39,23.683,63924.665958
2022-06-01 10:00:00,2699.09,2701.88,2697.3,2701.61,48.3956,130670.795369
2022-06-01 10:15:00,2703.12,2703.12,2693.67,2698.69,11.8992,32105.136252
2022-06-01 10:30:00,2698.86,2698.86,2691.76,2693.54,5.3502,14417.922261
2022-06-01 10:45:00,2694.14,2696.83,2689.49,2692.54,8.4115,22657.135864
2022-06-01 11:00:00,2692.26,2693.73,2688.66,2690.44,8.9583,24108.065979
2022-06-01 11:15:00,2690.44,2698.25,2689.0,2698.19,3.9905,10746.113795
2022-06-01 11:30:00,2696.9,2696.9,2663.92,2679.81,53.926,144297.519934
2022-06-01 11:45:00,2678.92,2689.98,2678.4,2680.4,10.9326,29329.158957
2022-06-01 12:00:00,2679.71,2696.23,2679.14,2692.14,11.927,32022.808585
2022-06-01 12:15:00,2693.53,2697.03,2681.85,2682.25,47.5571,127843.00075
2022-06-01 12:30:00,2683.79,2691.58,2678.86,2691.58,33.97,91137.624143
2022-06-01 12:45:00,2692.38,2717.88,2686.23,2712.28,64.7529,175095.993382
2022-06-01 13:00:00,2714.65,2717.24,2703.05,2704.33,8.658,23439.083821
2022-06-01 13:15:00,2704.23,2709.37,2694.3,2709.37,25.6038,69135.004873
2022-06-01 13:30:00,2704.15,2721.42,2702.17,2720.0,35.3091,95751.105786
2022-06-01 13:45:00,2719.31,2726.86,2706.66,2712.67,44.3281,120494.427565
2022-06-01 14:00:00,2713.49,2721.94,2705.69,2721.67,23.9843,65071.224587
2022-06-01 14:15:00,2719.61,2728.54,2702.98,2702.98,33.1538,90116.716421
2022-06-01 14:30:00,2702.98,2703.3,2675.69,2675.69,41.9791,112775.380861
2022-06-01 14:45:00,2676.78,2683.71,2637.01,2655.86,80.1111,212678.079106
2022-06-01 15:00:00,2653.91,2673.25,2639.0,2660.81,29.0708,77293.652583
2022-06-01 15:15:00,2656.06,2661.14,2644.0,2657.26,29.972,79453.011652
2022-06-01 15:30:00,2657.48,2657.56,2636.26,2648.9,27.7091,73317.550244
2022-06-01 15:45:00,2648.31,2653.57,2621.55,2630.23,73.2417,192940.947307
2022-06-01 16:00:00,2631.51,2639.0,2622.0,2622.0,22.8796,60225.545778
2022-06-01 16:15:00,2621.45,2622.25,2594.37,2602.94,53.5932,139655.190241
2022-06-01 16:30:00,2601.49,2609.57,2581.79,2584.84,66.317,172064.64573
2022-06-01 16:45:00,2584.15,2601.0,2581.54,2591.82,43.0921,111607.08074
2022-06-01 17:00:00,2593.74,2594.43,2584.35,2587.16,8.1908,21215.007955
2022-06-01 17:15:00,2586.73,2588.74,2560.0,2573.09,29.1244,74842.079209
2022-06-01 17:30:00,2573.07,2576.34,2546.59,2560.29,41.2709,105803.443443
2022-06-01 17:45:00,2557.64,2570.72,2552.67,2566.66,20.409,52412.013011
2022-06-01 18:00:00,2566.62,2571.15,2560.45,2569.07,4.6804,12007.824758
2022-06-01 18:15:00,2571.49,2578.0,2565.7,2568.23,14.167,36446.235429
2022-06-01 18:30:00,2566.32,2578.1,2561.27,2574.35,12.3381,31749.058181
2022-06-01 18:45:00,2574.97,2577.01,2558.71,2568.61,27.6888,71060.528227
2022-06-01 19:00:00,2568.45,2568.45,2514.72,2528.76,44.4522,112947.571176
2022-06-01 19:15:00,2528.41,2530.91,2514.24,2530.74,29.2891,73849.143131
2022-06-01 19:30:00,2526.17,2538.9,2519.96,2522.19,16.3053,41226.732042
2022-06-01 19:45:00,2520.48,2541.0,2520.48,2537.83,20.4869,51805.982558
2022-06-01 20:00:00,2537.71,2541.32,2532.6,2537.77,25.4071,64462.669164
2022-06-01 20:15:00,2535.54,2537.75,2518.0,2522.49,19.1711,48409.300055
2022-06-01 20:30:00,2525.65,2526.89,2477.07,2483.03,67.4788,168636.398095
2022-06-01 20:45:00,2481.17,2482.0,2457.17,2475.92,45.9875,113668.293217
2022-06-01 21:00:00,2475.9,2503.86,2475.21,2498.02,23.0568,57489.346109
2022-06-01 21:15:00,2495.4,2513.69,2495.02,2512.51,8.7422,21896.91747
2022-06-01 21:30:00,2512.06,2517.18,2508.27,2513.42,15.5495,39069.449778
2022-06-01 21:45:00,2511.78,2514.69,2505.84,2514.69,16.7491,42024.043962
2022-06-01 22:00:00,2512.94,2512.94,2506.6,2507.4,1.9283,4841.292666
2022-06-01 22:15:00,2507.59,2511.88,2500.0,2505.07,21.6666,54200.585969
2022-06-01 22:30:00,2503.93,2528.0,2503.01,2528.0,38.0868,95851.578884
2022-06-01 22:45:00,2525.13,2534.25,2524.33,2532.05,35.9814,91014.081133
2022-06-01 23:00:00,2531.38,2536.2,2531.38,2534.13,8.3024,21034.096302
2022-06-01 23:15:00,2534.73,2569.0,2531.0,2559.9,42.7718,109195.906989
2022-06-01 23:30:00,2561.72,2567.01,2553.97,2560.66,36.4406,93296.19613
2022-06-01 23:45:00,2560.79,2561.5,2548.13,2549.35,32.2237,82314.909376
2022-06-02 00:00:00,2548.37,2550.93,2533.77,2534.66,42.1426,107049.575185
2022-06-02 00:15:00,2533.68,2535.66,2523.53,2526.5,40.03,101271.324208
2022-06-02 00:30:00,2526.11,2533.18,2518.44,2533.18,68.176,172089.217862
2022-06-02 00:45:00,2533.11,2533.11,2516.4,2525.69,14.404,36359.994896
2022-06-02 01:00:00,2525.16,2543.86,2521.12,2529.61,43.2527,109396.216373
2022-06-02 01:15:00,2529.49,2541.4,2524.13,2540.73,15.7568,39978.584199
2022-06-02 01:30:00,2540.45,2545.83,2536.94,2544.02,14.3927,36595.573799
2022-06-02 01:45:00,2544.58,2557.0,2540.45,2552.32,22.358,56992.164793
2022-06-02 02:00:00,2552.12,2555.48,2543.2,2544.16,32.231,82267.903865
2022-06-02 02:15:00,2544.25,2551.17,2539.58,2551.08,66.8322,170089.46637
2022-06-02 02:30:00,2551.09,2553.4,2547.08,2552.0,152.8503,389988.432172
2022-06-02 02:45:00,2549.13,2556.27,2544.61,2552.72,31.8886,81331.10734
2022-06-02 03:00:00,2554.06,2556.38,2547.32,2552.53,42.9602,109656.969308
2022-06-02 03:15:00,2554.53,2557.06,2537.46,2539.43,80.401,204966.493023
2022-06-02 03:30:00,2541.44,2549.7,2537.3,2539.76,52.0643,132469.783875
2022-06-02 03:45:00,2539.72,2541.95,2529.93,2537.31,16.2181,41157.58426
2022-06-02 04:00:00,2536.05,2537.19,2524.66,2530.59,26.7268,67617.215509
2022-06-02 04:15:00,2531.08,2532.88,2520.0,2520.0,77.0264,194574.701157
2022-06-02 04:30:00,2518.0,2526.9,2513.48,2526.29,22.5921,56977.30473
2022-06-02 04:45:00,2526.76,2536.65,2524.68,2534.35,20.0806,50851.050055
2022-06-02 05:00:00,2534.38,2534.99,2530.62,2533.56,14.2912,36207.929618
2022-06-02 05:15:00,2534.41,2534.72,2521.37,2522.38,19.714,49799.393367
2022-06-02 05:30:00,2522.38,2533.57,2521.43,2531.74,67.7253,171425.295749
2022-06-02 05:45:00,2531.8,2551.0,2531.8,2544.98,58.4373,148428.793595
2022-06-02 06:00:00,2547.44,2547.44,2539.37,2542.92,36.415,92569.414642
2022-06-02 06:15:00,2543.99,2545.79,2538.2,2538.74,18.6608,47428.156266
2022-06-02 06:30:00,2536.99,2537.92,2534.01,2534.94,24.943,63249.657446
2022-06-02 06:45:00,2535.2,2536.65,2526.06,2529.68,31.7276,80321.849365
2022-06-02 07:00:00,2531.33,2540.81,2531.33,2539.38,52.3763,132924.798374
2022-06-02 07:15:00,2538.82,2543.31,2535.52,2536.23,22.3535,56793.178509
2022-06-02 07:30:00,2535.47,2554.42,2533.31,2550.06,20.3728,51830.649498
2022-06-02 07:45:00,2550.05,2551.24,2538.0,2541.59,42.8936,109081.096996
2022-06-02 08:00:00,2541.97,2544.69,2536.67,2539.09,29.7568,75591.045128
2022-06-02 08:15:00,2540.47,2543.81,2535.18,2540.64,31.391,79733.492703
2022-06-02 08:30:00,2537.75,2546.65,2536.49,2542.59,33.2008,84428.900891
2022-06-02 08:45:00,2543.64,2546.58,2534.58,2534.92,37.6792,95669.751596
2022-06-02 09:00:00,2534.92,2536.44,2530.64,2530.64,28.0743,71153.273296
2022-06-02 09:15:00,2531.57,2535.03,2529.0,2533.1,22.9812,58185.043967
2022-06-02 09:30:00,2535.03,2537.38,2529.32,2537.38,36.5862,92699.477779
2022-06-02 09:45:00,2537.28,2540.1,2519.0,2524.49,28.0606,70931.182683
2022-06-02 10:00:00,2523.84,2529.76,2523.07,2528.55,19.6383,49638.491147
2022-06-02 10:15:00,2529.95,2533.56,2527.74,2532.02,45.3913,114868.231554
2022-06-02 10:30:00,2531.89,2531.89,2522.46,2522.46,21.7499,54921.324587
2022-06-02 10:45:00,2523.94,2544.34,2521.25,2544.34,71.0734,180175.556262
2022-06-02 11:00:00,2544.92,2552.38,2524.65,2539.41,28.2121,71545.328533
2022-06-02 11:15:00,2538.12,2538.12,2523.78,2531.85,96.1863,243272.631004
2022-06-02 11:30:00,2532.09,2544.2,2529.09,2543.08,23.3425,59190.030976
2022-06-02 11:45:00,2544.41,2547.88,2540.06,2542.7,13.4066,34081.723522
2022-06-02 12:00:00,2544.25,2557.45,2541.84,2552.04,30.5272,77904.118218
2022-06-02 12:15:00,2552.39,2552.39,2543.45,2543.62,11.9823,30530.107855
2022-06-02 12:30:00,2544.3,2547.3,2536.0,2536.0,22.5946,57420.80535
2022-06-02 12:45:00,2537.34,2539.08,2527.58,2529.98,49.1497,124474.106887
2022-06-02 13:00:00,2529.48,2534.28,2526.77,2528.1,7.3455,18582.529859
2022-06-02 13:15:00,2528.75,2531.33,2494.02,2497.11,48.5324,121710.258622
2022-06-02 13:30:00,2500.14,2500.14,2470.0,2488.61,120.2675,298613.804656
2022-06-02 13:45:00,2488.19,2526.23,2467.0,2526.23,73.9187,184450.452986
2022-06-02 14:00:00,2525.29,2525.29,2479.0,2492.4,58.4005,146059.618054
2022-06-02 14:15:00,2490.17,2512.9,2487.08,2506.54,98.9175,247299.717224
2022-06-02 14:30:00,2506.68,2508.86,2468.27,2475.39,29.4025,73107.505773
2022-06-02 14:45:00,2476.96,2488.58,2473.97,2486.97,41.3124,102595.746319
2022-06-02 15:00:00,2484.98,2493.81,2479.04,2492.83,20.9327,51997.80194
2022-06-02 15:15:00,2491.56,2509.97,2489.93,2507.04,65.994,165362.925908
2022-06-02 15:30:00,2507.48,2523.0,2500.22,2517.14,34.2076,86080.717957
2022-06-02 15:45:00,2517.37,2518.51,2506.73,2513.5,36.9661,92926.196339
2022-06-02 16:00:00,2512.53,2515.19,2500.24,2504.72,19.1624,48095.922531
2022-06-02 16:15:00,2503.92,2515.9,2500.88,2514.53,46.6536,116951.797689
2022-06-02 16:30:00,2513.82,2518.28,2498.61,2504.04,8.4954,21312.468574
2022-06-02 16:45:00,2503.83,2524.01,2502.26,2514.06,12.4888,31392.694846
2022-06-02 17:00:00,2516.01,2522.32,2507.37,2516.2,3.2106,8064.011472
2022-06-02 17:15:00,2516.39,2523.56,2505.11,2508.7,8.9123,22423.665
2022-06-02 17:30:00,2506.09,2512.0,2504.23,2510.4,4.8169,12077.017095
2022-06-02 17:45:00,2506.54,2512.48,2498.8,2504.36,47.4658,119054.909863
2022-06-02 18:00:00,2507.0,2509.01,2499.54,2501.25,8.2208,20601.313589
2022-06-02 18:15:00,2501.89,2509.36,2497.97,2508.92,16.62,41617.450975
2022-06-02 18:30:00,2508.42,2516.64,2502.84,2503.51,9.7313,24463.696378
2022-06-02 18:45:00,2505.46,2505.73,2499.5,2503.69,4.7128,11801.764063
2022-06-02 19:00:00,2501.36,2503.96,2480.04,2487.88,11.4146,28433.292829
2022-06-02 19:15:00,2489.81,2490.6,2483.68,2489.18,3.853,9580.61416
2022-06-02 19:30:00,2489.27,2496.48,2482.27,2490.68,9.3055,23180.027311
2022-06-02 19:45:00,2492.34,2498.16,2487.47,2497.13,3.7964,9471.987776
2022-06-02 20:00:00,2498.19,2507.0,2494.81,2505.91,9.0052,22545.285006
2022-06-02 20:15:00,2506.07,2515.4,2502.73,2510.91,8.3725,21017.409345
2022-06-02 20:30:00,2511.01,2516.63,2511.01,2514.97,5.2459,13191.913042
2022-06-02 20:45:00,2515.2,2517.11,2510.64,2517.03,6.0212,15144.129333
2022-06-02 21:00:00,2515.48,2516.6,2511.26,2511.26,9.317,23426.359355
2022-06-02 21:15:00,2510.87,2515.57,2508.23,2511.57,26.3253,66123.336138
2022-06-02 21:30:00,2512.26,2517.66,2510.24,2517.66,3.1995,8036.716789
2022-06-02 21:45:00,2517.66,2518.02,2514.81,2518.02,4.0442,10173.457041
2022-06-02 22:00:00,2513.55,2519.97,2513.16,2517.01,7.747,19502.734683
2022-06-02 22:15:00,2519.07,2548.39,2511.9,2536.58,46.2303,117234.850098
2022-06-02 22:30:00,2534.54,2541.95,2525.33,2528.97,24.7549,62706.579169
2022-06-02 22:45:00,2529.22,2541.0,2520.23,2538.2,21.9866,55699.815549
2022-06-02 23:00:00,2537.83,2537.83,2524.33,2524.5,13.1046,33177.516273
2022-06-02 23:15:00,2524.15,2534.71,2521.96,2530.82,46.6968,117968.127183
2022-06-02 23:30:00,2533.93,2536.85,2527.22,2536.85,13.1135,33214.1768
2022-06-02 23:45:00,2536.11,2536.11,2525.31,2525.31,11.4766,29039.747503
2022-06-03 00:00:00,2524.65,2526.23,2521.56,2524.56,17.5192,44232.468493
2022-06-03 00:15:00,2524.25,2525.72,2517.22,2520.23,32.3803,81638.391808
2022-06-03 00:30:00,2519.81,2523.16,2515.57,2521.06,24.3345,61287.674949
2022-06-03 00:45:00,2521.09,2522.85,2506.65,2506.97,53.2308,134027.057663
2022-06-03 01:00:00,2502.54,2511.74,2502.54,2511.27,12.3903,31084.014531
2022-06-03 01:15:00,2510.71,2522.5,2510.71,2520.89,9.9124,24933.553917
2022-06-03 01:30:00,2519.41,2522.62,2518.49,2520.57,6.067,15291.027741
2022-06-03 01:45:00,2519.65,2537.0,2514.55,2532.58,12.5363,31678.383975
2022-06-03 02:00:00,2529.62,2533.51,2522.06,2532.37,13.1944,33372.643892
2022-06-03 02:15:00,2533.72,2538.96,2527.28,2527.28,14.4575,36598.751993
2022-06-03 02:30:00,2528.36,2529.06,2524.11,2524.99,33.8304,85475.97191
2022-06-03 02:45:00,2524.1,2531.5,2513.78,2525.97,88.6742,223564.573737
2022-06-03 03:00:00,2525.44,2525.5,2521.47,2521.82,16.4427,41482.577862
2022-06-03 03:15:00,2520.38,2522.26,2517.26,2519.29,22.0993,55657.236632
2022-06-03 03:30:00,2518.39,2521.92,2515.15,2518.55,26.395,66497.638147
2022-06-03 03:45:00,2517.29,2520.67,2516.62,2516.74,5.4467,13714.978159
2022-06-03 04:00:00,2516.57,2519.2,2515.25,2517.05,6.657,16755.364634
2022-06-03 04:15:00,2516.08,2517.73,2507.8,2513.68,35.2291,88504.131748
2022-06-03 04:30:00,2512.35,2514.7,2507.91,2510.62,4.0589,10192.543993
2022-06-03 04:45:00,2510.72,2513.3,2509.16,2511.36,25.5601,64169.039213
2022-06-03 05:00:00,2511.0,2511.48,2500.0,2503.7,39.0756,97841.714835
2022-06-03 05:15:00,2503.42,2507.95,2502.4,2507.72,15.8573,39741.559062
2022-06-03 05:30:00,2507.24,2513.07,2505.18,2512.0,19.586,49166.156129
2022-06-03 05:45:00,2512.0,2514.57,2509.98,2513.26,21.6374,54358.338981
2022-06-03 06:00:00,2512.15,2517.69,2508.43,2514.31,24.9316,62610.611975
2022-06-03 06:15:00,2514.02,2516.49,2510.56,2515.05,7.706,19379.460065
2022-06-03 06:30:00,2512.11,2512.11,2504.51,2507.66,43.3073,108605.158434
2022-06-03 06:45:00,2507.69,2510.79,2505.71,2506.41,11.6421,29183.897416
2022-06-03 07:00:00,2505.68,2512.83,2497.11,2497.91,39.3593,98491.887588
2022-06-03 07:15:00,2498.24,2505.04,2494.15,2505.04,24.7061,61751.01594
2022-06-03 07:30:00,2506.77,2506.96,2493.65,2497.13,57.9681,144770.336196
2022-06-03 07:45:00,2497.96,2502.79,2488.0,2502.42,55.5094,138470.295962
2022-06-03 08:00:00,2500.92,2505.17,2497.73,2498.2,9.4362,23601.070823
2022-06-03 08:15:00,2497.69,2507.68,2491.89,2505.0,20.623,51597.968089
2022-06-03 08:30:00,2505.13,2506.5,2495.28,2496.46,51.4284,128587.652289
2022-06-03 08:45:00,2495.98,2501.18,2487.8,2488.4,27.6596,68966.516493
2022-06-03 09:00:00,2488.69,2492.0,2488.49,2490.11,7.0112,17458.37864
2022-06-03 09:15:00,2488.49,2493.81,2473.11,2475.28,16.6287,41301.934311
2022-06-03 09:30:00,2474.41,2482.76,2468.02,2477.01,15.455,38250.171799
2022-06-03 09:45:00,2479.61,2482.39,2470.9,2474.86,24.0922,59646.139641
2022-06-03 10:00:00,2470.77,2482.06,2469.65,2479.16,29.0712,71970.846014
2022-06-03 10:15:00,2478.65,2481.69,2460.01,2464.07,22.0793,54603.526539
2022-06-03 10:30:00,2461.1,2469.55,2453.2,2453.9,46.0808,113324.163567
2022-06-03 10:45:00,2454.28,2455.22,2424.7,2429.51,145.5254,355427.632508
2022-06-03 11:00:00,2427.31,2437.56,2425.46,2429.13,62.5212,151967.73094
2022-06-03 11:15:00,2432.36,2440.42,2420.31,2425.75,52.2212,126884.479795
2022-06-03 11:30:00,2425.54,2432.37,2418.34,2426.25,28.5849,69348.43464
2022-06-03 11:45:00,2425.69,2447.33,2422.74,2428.58,19.429,47333.862165
2022-06-03 12:00:00,2428.02,2434.15,2424.16,2431.02,18.5478,45071.539079
2022-06-03 12:15:00,2431.32,2447.16,2431.22,2446.86,10.0225,24452.433496
2022-06-03 12:30:00,2446.22,2448.0,2431.8,2436.01,19.0007,46351.108962
2022-06-03 12:45:00,2439.65,2453.0,2425.51,2432.32,63.2029,154084.040202
2022-06-03 13:00:00,2434.17,2443.64,2403.58,2414.47,53.2404,129120.058728
2022-06-03 13:15:00,2413.8,2427.0,2409.04,2418.9,113.0583,272954.227003
2022-06-03 13:30:00,2418.8,2428.56,2417.79,2417.79,22.2519,53945.049027
2022-06-03 13:45:00,2419.94,2443.53,2416.02,2422.51,66.1403,160863.187462
2022-06-03 14:00:00,2422.17,2444.0,2418.37,2444.0,34.7454,84504.373013
2022-06-03 14:15:00,2444.16,2451.15,2429.4,2437.31,41.3927,101072.326804
2022-06-03 14:30:00,2437.71,2438.59,2428.37,2430.71,13.5238,32898.269555
2022-06-03 14:45:00,2430.09,2437.3,2417.7,2424.64,20.6968,50239.153871
2022-06-03 15:00:00,2422.98,2447.0,2419.11,2444.64,12.6267,30716.328253
2022-06-03 15:15:00,2442.41,2443.89,2428.39,2430.24,13.4713,32806.928007
2022-06-03 15:30:00,2433.43,2447.61,2433.43,2446.63,15.019,36651.536422
2022-06-03 15:45:00,2447.33,2454.0,2442.27,2442.45,7.3596,18021.143585
2022-06-03 16:00:00,2443.18,2444.68,2435.9,2444.28,12.584,30721.411624
2022-06-03 16:15:00,2443.78,2448.56,2434.01,2438.06,48.0646,117541.749359
2022-06-03 16:30:00,2439.87,2441.13,2428.68,2433.17,9.5355,23217.33437
2022-06-03 16:45:00,2434.17,2443.0,2428.87,2437.92,17.3139,42156.991815
2022-06-03 17:00:00,2436.92,2446.03,2435.89,2441.96,5.9702,14565.248905
2022-06-03 17:15:00,2443.41,2449.6,2429.92,2429.92,18.1293,44318.95078
2022-06-03 17:30:00,2430.54,2432.98,2427.63,2430.72,6.4971,15787.605783
2022-06-03 17:45:00,2428.32,2436.91,2420.05,2422.98,6.9249,16834.10072
2022-06-03 18:00:00,2422.56,2432.18,2421.03,2427.16,3.4484,8366.967276
2022-06-03 18:15:00,2423.7,2432.07,2418.2,2418.2,16.0188,38836.102882
2022-06-03 18:30:00,2417.08,2428.43,2417.08,2428.43,2.8384,6883.156088
2022-06-03 18:45:00,2428.07,2429.85,2424.77,2428.44,2.0297,4926.428042
2022-06-03 19:00:00,2428.96,2428.96,2421.37,2424.67,1.5514,3760.831903
2022-06-03 19:15:00,2426.11,2431.3,2420.94,2429.73,6.5996,16023.689035
2022-06-03 19:30:00,2430.14,2430.14,2419.25,2427.27,5.3806,13048.753359
2022-06-03 19:45:00,2426.68,2429.99,2418.88,2429.99,3.9788,9641.529685
2022-06-03 20:00:00,2429.66,2430.25,2425.15,2426.84,5.6783,13782.463551
2022-06-03 20:15:00,2426.61,2445.54,2424.65,2437.44,12.4134,30295.006666
2022-06-03 20:30:00,2437.48,2440.06,2433.9,2436.15,3.9393,9595.998585
2022-06-03 20:45:00,2434.66,2437.25,2432.79,2437.25,3.1726,7725.420911
2022-06-03 21:00:00,2437.34,2442.95,2436.45,2438.81,17.2539,42090.383855
2022-06-03 21:15:00,2440.77,2448.0,2440.77,2446.23,31.5871,77298.220084
2022-06-03 21:30:00,2445.64,2450.07,2444.92,2450.07,3.1059,7600.09454
2022-06-03 21:45:00,2450.09,2458.91,2448.0,2458.73,8.8315,21648.775727
2022-06-03 22:00:00,2456.02,2483.67,2456.02,2477.1,16.4604,40769.009397
2022-06-03 22:15:00,2478.96,2486.02,2473.36,2480.38,23.1785,57483.562677
2022-06-03 22:30:00,2480.31,2480.31,2472.2,2475.95,9.9211,24556.700559
2022-06-03 22:45:00,2475.16,2475.16,2465.45,2472.06,14.9918,37047.322435
2022-06-03 23:00:00,2472.41,2476.76,2467.11,2470.4,14.3139,35378.761826
2022-06-03 23:15:00,2472.51,2473.01,2463.74,2467.04,5.6838,14036.900324
2022-06-03 23:30:00,2467.86,2467.86,2460.11,2461.13,7.4919,18453.211935
2022-06-03 23:45:00,2460.7,2462.0,2455.84,2460.5,14.8037,36431.859497
2022-06-04 00:00:00,2460.7,2463.43,2455.51,2461.02,6.019,14812.136029
2022-06-04 00:15:00,2461.72,2467.48,2457.39,2465.52,9.5615,23547.022158
2022-06-04 00:30:00,2465.44,2466.83,2460.91,2464.3,5.4604,13455.092709
2022-06-04 00:45:00,2464.73,2465.59,2459.47,2462.49,5.8797,14473.596952
2022-06-04 01:00:00,2460.87,2462.66,2455.84,2461.15,16.0249,39404.479382
2022-06-04 01:15:00,2461.41,2464.5,2444.85,2447.29,13.1788,32329.727192
2022-06-04 01:30:00,2450.11,2453.02,2443.9,2443.9,17.6439,43217.621894
2022-06-04 01:45:00,2444.03,2448.64,2440.22,2445.5,9.4798,23186.649468
2022-06-04 02:00:00,2445.46,2446.67,2440.49,2441.54,9.5575,23361.779552
2022-06-04 02:15:00,2440.97,2445.47,2437.57,2440.42,18.5517,45270.305203
2022-06-04 02:30:00,2440.89,2442.64,2429.02,2432.63,27.1073,66033.486632
2022-06-04 02:45:00,2431.79,2433.14,2425.77,2426.71,13.3282,32382.924638
2022-06-04 03:00:00,2429.17,2434.62,2425.4,2434.41,14.9376,36283.575626
2022-06-04 03:15:00,2432.15,2439.59,2432.15,2437.77,11.0728,26977.579387
2022-06-04 03:30:00,2435.85,2439.4,2434.55,2439.4,7.81,19032.145132
2022-06-04 03:45:00,2437.6,2441.43,2437.22,2439.01,6.8614,16740.169335
2022-06-04 04:00:00,2440.26,2440.26,2438.41,2438.41,0.3472,846.753518
